X,Y,T,dopen,presdemvoteshlag1,demvoteshlag1,demvoteshlag2,demwinprv1,demwinprv2,dmidterm,dpresdem
-7.688561,36.097572,0,0,39.159367,,,,,1,1
-3.9237082,45.468746,0,0,39.159367,42.076942,,0,,0,1
-6.8686604,45.598213,0,0,33.027374,36.097572,46.239407,0,0,1,0
-27.668056,48.476063,0,0,27.5257,45.468746,36.097572,0,0,1,0
-8.2569685,51.746868,0,1,27.5257,35.641209,45.468746,0,0,0,0
.73248148,39.802643,1,0,45.574795,45.598213,35.641209,0,0,0,0
3.4937382,53.15107,1,0,47.398193,48.476063,45.598213,1,0,1,1
-3.0905752,51.987637,0,0,55.323048,51.746868,48.476063,1,1,1,1
4.7034559,51.678295,1,0,53.438251,53.15107,39.802643,1,0,0,1
-8.1198635,57.468903,0,0,47.910397,51.678295,40.664639,1,0,0,1
-11.794811,51.254742,0,0,43.909779,44.360371,51.678295,0,1,0,0
14.937806,64.644257,1,0,36.267632,43.047768,44.360371,0,0,1,0
2.5094838,54.291164,1,1,53.730656,57.468903,43.047768,1,0,1,1
29.306395,33.792454,1,0,53.730656,51.254742,57.468903,1,1,0,1
8.5855637,63.674862,1,0,67.806,64.644257,51.254742,1,1,0,1
-7.9507647,41.217743,0,1,49.478199,54.291164,64.644257,1,1,1,0
29.381487,56.341518,1,0,40.129108,33.792454,54.291164,0,1,1,0
-16.506035,46.067585,0,0,40.129108,63.674862,33.792454,1,0,0,0
13.428482,64.763397,1,1,47.08382,41.217743,63.674862,0,1,0,1
-4.3230863,49.764439,0,0,38.377731,56.341518,41.217743,1,0,1,0
29.915768,58.812016,1,0,38.835964,46.067585,56.341518,0,1,1,0
.72604716,67.043266,1,0,38.835964,64.763397,46.067585,1,0,0,0
20.693081,65.146088,1,0,46.874748,49.764439,64.763397,1,1,0,0
36.03056,63.214111,1,0,42.213978,58.812016,49.764439,1,1,1,0
32.777927,65.360603,1,0,52.831585,67.043266,58.812016,1,1,1,0
29.042652,39.729641,1,0,52.831585,65.146088,67.043266,1,1,0,0
33.712173,55.158417,1,0,55.909626,63.214111,65.146088,1,1,0,0
-10.917887,,0,0,54.313705,65.360603,63.214111,1,1,1,0
11.941481,,1,1,60.588829,39.729641,65.360603,0,1,1,0
-6.8523526,42.495945,0,0,39.426571,,,,,0,1
-11.135491,39.570938,0,0,46.974632,45.981895,,0,,1,1
-15.008113,30.358973,0,0,33.291225,44.432255,45.981895,0,0,1,0
-39.282055,49.709076,0,0,21.834415,39.570938,42.495945,0,0,0,0
-21.889481,49.253906,0,1,30.964613,30.358973,39.570938,0,0,1,0
-.43046474,41.273411,0,0,43.193027,39.05526,30.358973,0,0,1,1
-1.4921904,33.33094,0,0,43.193027,49.709076,39.05526,0,0,0,1
-17.334133,36.453655,0,1,41.576603,49.253906,49.709076,0,0,0,1
-33.33812,28.699789,0,0,48.771351,41.273411,49.253906,0,0,1,1
-27.092691,37.258305,0,0,47.446354,33.33094,41.273411,0,0,1,1
-42.600422,41.392105,0,1,47.446354,36.453655,33.33094,0,0,0,1
-25.483395,60.781956,0,1,42.386963,28.699789,36.453655,0,0,0,1
-17.215788,38.351185,0,0,33.832539,37.258305,28.699789,0,0,1,0
21.563911,66.616829,1,0,29.134563,41.392105,37.258305,0,0,1,0
-23.297632,41.053513,0,0,29.134563,60.781956,41.392105,1,0,0,0
33.233654,61.740875,1,0,42.952389,38.351185,60.781956,0,1,0,1
-17.892977,53.231586,0,0,68.842018,66.616829,38.351185,1,0,1,1
23.48175,60.203255,1,0,55.304684,41.053513,66.616829,0,1,1,0
6.4631729,33.938301,1,0,55.304684,61.740875,41.053513,1,0,0,0
-22.647476,25.865877,0,0,48.094074,60.203255,53.231586,1,1,1,1
-47.476452,38.640259,0,0,42.250355,60.867928,33.938301,1,0,0,0
62.595875,36.355286,1,0,38.78104,25.865877,60.867928,0,1,0,0
-22.700262,43.875427,0,0,43.883537,81.295517,25.865877,1,0,1,0
-23.880028,31.058702,0,1,38.7668,38.640259,81.295517,0,1,1,0
-5.3060679,41.56435,0,1,38.7668,36.355286,38.640259,0,0,0,0
-37.882599,20.586014,0,0,51.623959,43.875427,36.355286,0,0,0,0
-16.871298,38.583435,0,0,49.086018,31.058702,43.875427,0,0,1,0
-53.423553,,0,0,53.572857,41.56435,31.058702,0,0,1,0
-22.747543,,0,0,53.572857,20.586014,41.56435,0,0,0,0
-6.3711939,46.747425,0,0,35.53035,,,,,0,1
4.5928836,48.609619,1,0,46.610519,45.307243,,0,,1,1
-1.6500294,54.011559,0,0,27.84407,46.747425,49.654655,0,1,0,0
8.163661,59.388329,1,0,24.854977,48.609619,46.747425,0,0,0,0
9.3379946,41.020775,1,1,50.243782,53.644604,48.609619,1,0,1,0
22.012463,55.63559,1,0,50.638622,54.011559,53.644604,1,1,1,1
-7.508719,46.606186,0,1,50.638622,59.388329,54.011559,1,1,0,1
12.810659,39.721718,1,0,51.224625,41.020775,59.388329,0,1,0,1
-19.826927,51.346008,0,0,52.803307,46.606186,55.63559,0,1,1,1
-6.5218925,49.024887,0,0,52.803307,39.721718,46.606186,0,0,0,1
2.9967933,73.195274,1,0,54.661018,46.424698,39.721718,0,0,0,1
-1.516661,43.457664,0,0,45.461353,51.346008,46.424698,1,0,1,0
-12.731796,38.739037,0,0,40.374176,73.195274,49.024887,1,0,0,0
48.84214,62.143604,1,0,60.222157,43.457664,73.195274,0,1,0,1
-21.936161,34.727562,0,1,76.1866,74.259781,43.457664,1,0,1,1
25.153763,69.308723,1,0,63.00919,38.739037,74.259781,0,1,1,0
-28.795755,55.057812,0,0,63.00919,62.143604,38.739037,1,0,0,0
40.301617,60.811089,1,0,54.195698,34.727562,62.143604,0,1,0,0
10.207936,55.054295,1,0,56.11158,69.308723,34.727562,1,0,1,1
22.551838,64.973053,1,0,41.746338,55.057812,69.308723,1,1,1,0
10.124713,57.063515,1,1,41.746338,60.811089,55.057812,1,1,0,0
31.044022,58.074856,1,0,48.432457,55.054295,60.811089,1,1,0,0
14.195374,52.206749,1,0,53.22897,64.973053,55.054295,1,1,1,0
17.064774,72.689064,1,0,47.541626,57.063515,64.973053,1,1,1,0
7.4928226,80.028381,1,0,47.541626,58.074856,57.063515,1,1,0,0
58.240257,69.302467,1,0,61.474197,52.206749,58.074856,1,1,0,0
60.05677,65.858765,1,0,59.803795,72.689064,52.206749,1,1,1,0
34.931324,,1,0,61.935432,69.302467,80.028381,1,1,0,0
-7.1211934,40.2435,0,1,49.12204,44.62516,,0,,1,1
-16.092232,37.680603,0,0,49.12204,46.439404,44.62516,0,0,0,1
-19.512999,41.897251,0,0,39.387276,41.632523,46.439404,0,0,0,0
-24.638796,50.345604,0,0,34.715878,40.2435,41.632523,0,0,1,0
-15.97952,47.665386,0,0,41.022682,37.680603,40.2435,0,0,1,0
1.0791302,45.7659,1,0,41.022682,41.897251,37.680603,0,0,0,0
-4.1939945,45.394653,0,1,48.987934,50.345604,41.897251,1,0,0,1
-8.4681988,49.069138,0,0,49.726288,47.665386,50.345604,0,1,1,1
-9.2106934,41.166813,0,0,53.220852,45.7659,47.665386,0,0,1,1
-1.8617243,38.028996,0,0,53.220852,45.394653,45.7659,0,0,0,1
-16.976374,39.779781,0,0,52.112358,49.069138,45.394653,0,0,0,1
-20.440435,39.654316,0,0,39.077854,38.028996,41.166813,0,0,1,0
-28.143272,40.29063,0,0,39.077854,39.779781,38.028996,0,0,0,0
-19.418739,40.703999,0,0,46.582207,39.654316,35.928364,0,0,1,1
8.1319628,56.880753,1,1,63.638176,40.29063,39.654316,0,0,1,1
13.763666,48.50462,1,0,43.925289,40.703999,54.027603,0,1,0,0
-2.1988094,40.958519,0,0,43.472691,49.655754,56.880753,1,1,1,1
-4.2937131,32.371349,0,1,43.472691,48.50462,49.655754,0,1,0,1
-17.788744,31.394941,0,0,28.350739,47.847012,48.50462,0,0,0,0
-30.589857,45.32692,0,0,30.945169,40.958519,47.847012,0,0,1,0
-33.868736,46.222095,0,1,36.334499,32.371349,40.958519,0,0,1,0
-2.8180063,28.220766,0,1,36.334499,31.394941,32.371349,0,0,0,0
-3.0300884,46.401646,0,0,38.859135,45.32692,31.394941,0,0,0,0
-39.559181,33.716896,0,0,49.324184,46.222095,45.32692,0,0,1,0
-4.4172316,51.589626,0,1,46.803181,28.220766,46.222095,0,0,1,0
-32.461201,36.81102,0,0,46.803181,46.401646,28.220766,0,0,0,0
6.3379169,,1,0,50.242275,33.716896,46.401646,0,0,0,0
-23.217234,,0,1,54.126896,51.589626,33.716896,1,0,1,0
8.8178072,52.167862,1,0,39.042801,,,,,0,1
8.7853756,49.298695,1,0,32.778706,46.243122,52.936085,0,1,1,0
-15.835348,49.168472,0,0,32.778706,52.167862,46.243122,1,0,0,0
-1.2698561,57.12244,0,0,36.459084,41.798248,52.167862,0,1,0,0
-1.1273801,48.611946,0,0,50.15852,49.298695,41.798248,0,0,1,0
14.272488,55.161678,1,0,55.079086,49.168472,49.298695,0,0,1,1
4.231307,57.967918,1,0,55.079086,57.12244,49.168472,1,0,0,1
10.32336,55.112457,1,0,52.96476,48.611946,57.12244,1,1,0,1
15.935842,59.287369,1,0,56.728363,55.161678,48.611946,1,1,1,1
18.574738,59.289581,1,0,58.593403,55.112457,57.967918,1,1,0,1
9.5572023,64.485847,1,0,57.593788,59.287369,55.112457,1,1,0,1
18.579161,68.896683,1,0,49.045593,54.778599,59.287369,1,1,1,0
28.971695,82.730728,1,0,41.740517,59.289581,54.778599,1,1,1,0
37.793358,67.659462,1,1,41.740517,64.485847,59.289581,1,1,0,0
65.461456,67.542244,1,0,63.627708,68.896683,64.485847,1,1,0,1
35.318924,53.682961,1,0,80.871773,82.730728,68.896683,1,1,1,1
36.081493,42.031204,1,0,64.040962,67.659462,82.730728,1,1,1,0
7.9703751,75.112396,1,0,64.040962,67.542244,67.659462,1,1,0,0
-15.708965,48.802139,0,1,46.817009,53.682961,67.542244,1,1,0,0
50.224792,72.552574,1,0,55.442005,42.031204,53.682961,0,1,1,1
-2.3957224,45.407425,0,0,47.682148,75.112396,42.031204,1,0,1,0
45.105145,61.833199,1,0,47.682148,48.802139,75.112396,0,1,0,0
-9.1851559,35.476624,0,0,48.017365,72.552574,48.802139,1,0,0,0
23.666397,63.482224,1,0,55.645145,45.407425,72.552574,0,1,1,0
28.430447,78.392281,1,1,47.036343,35.476624,61.833199,0,1,0,0
-15.731323,53.472424,0,0,59.712929,63.482224,35.476624,1,0,0,0
56.818211,73.404488,1,0,60.997391,41.145206,63.482224,0,1,1,0
7.0330591,,1,0,59.423428,78.392281,41.145206,1,0,1,0
46.808971,,1,0,59.423428,53.472424,78.392281,1,1,0,0
-56.035404,21.933214,0,0,24.441118,,,,,1,1
-50.794697,32.066189,0,0,24.441118,0,,0,,0,1
-35.867622,28.445885,0,1,23.29088,21.933214,23.442741,0,0,1,0
-46.886055,44.849586,0,0,15.671714,32.066189,21.933214,0,0,1,0
-2.671185,33.550587,0,0,41.076069,44.849586,28.445885,0,0,1,1
-31.60944,21.989212,0,0,44.923878,33.550587,34.325047,0,0,0,1
-49.270519,27.672476,0,1,42.962311,34.187977,33.550587,0,0,1,1
-55.999149,33.604439,0,0,36.923836,25.353149,34.187977,0,0,1,1
-44.644665,47.842369,0,0,36.923836,21.989212,25.353149,0,0,0,1
-32.788544,33.066116,0,0,28.207632,27.672476,21.989212,0,0,0,0
-4.3104439,46.52084,0,1,27.809557,33.604439,27.672476,0,0,1,0
-33.867764,0,0,0,41.348522,47.842369,33.604439,0,0,1,1
-6.9498005,40.201035,0,0,41.348522,33.066116,47.842369,0,0,0,1
-99.859573,49.469784,0,0,66.299385,46.52084,33.066116,0,0,0,1
3.0860395,49.759048,1,1,36.587185,40.201035,0,0,0,1,0
-4.6564398,47.225346,0,0,36.587185,49.469784,40.201035,1,0,0,0
1.1684269,63.156635,1,1,42.866005,45.343029,49.469784,0,1,0,1
-3.0416102,29.764982,0,0,38.409153,49.759048,45.343029,1,0,1,0
28.659454,54.162014,1,0,40.638809,47.225346,49.759048,0,1,1,0
-38.204834,40.566536,0,1,40.638809,63.156635,47.225346,1,0,0,0
10.816863,72.215424,1,0,47.578831,29.764982,63.156635,0,1,0,0
-9.7495165,25.425303,0,0,46.11375,54.162014,29.764982,1,0,1,0
49.765457,70.627068,1,0,53.354435,40.566536,54.162014,0,1,1,0
46.084087,64.326164,1,0,50.634712,25.425303,72.215424,0,1,0,0
-67.638016,,0,1,58.937462,70.627068,25.425303,1,0,1,0
33.413837,,1,0,67.455688,0,70.627068,0,1,1,0
-3.3434777,40.628941,0,0,47.776489,49.66608,,1,,1,1
.43396354,39.050053,1,0,42.071808,47.82888,49.66608,0,1,1,0
-21.8999,46.155941,0,0,36.800869,40.628941,49.811058,0,1,0,0
-9.1305103,52.976036,0,0,33.798912,39.050053,40.628941,0,0,1,0
-7.1173549,50.633533,0,0,48.112061,45.357975,39.050053,0,0,1,1
11.580616,44.921928,1,0,48.112061,46.155941,45.357975,0,0,0,1
3.3326178,44.849487,1,0,54.624111,52.976036,46.155941,1,0,0,1
-9.2464981,50.853836,0,1,54.717022,50.633533,52.976036,1,1,1,1
-10.301021,45.508335,0,0,54.375763,44.921928,50.633533,0,1,1,1
2.5763631,56.943409,1,0,54.375763,44.849487,44.921928,0,0,0,1
-8.9833345,46.720886,0,0,48.760723,50.853836,44.849487,1,0,0,1
13.886822,49.286022,1,0,47.875305,45.508335,50.853836,0,1,1,0
-6.5582275,48.255383,0,0,44.621548,56.943409,45.508335,1,0,1,0
-1.4279574,40.881657,0,0,44.621548,46.720886,56.943409,0,1,0,0
-18.236685,50.47514,0,0,60.94973,48.255383,49.286022,0,0,1,1
-18.730911,43.607327,0,1,41.608082,40.881657,48.255383,0,0,1,0
1.3758123,57.955723,1,0,41.608082,40.101833,40.881657,0,0,0,0
-12.206313,44.204544,0,0,39.183323,50.47514,40.101833,1,0,0,0
16.937536,60.110519,1,0,51.984024,43.607327,50.47514,0,1,1,1
-10.967743,37.938667,0,0,44.874146,57.955723,43.607327,1,0,1,0
20.221039,62.679291,1,0,44.874146,44.204544,57.955723,0,1,0,0
-24.122667,42.483253,0,0,39.932121,60.110519,44.204544,1,0,0,0
26.846214,60.040058,1,0,43.477757,37.938667,60.110519,0,1,1,0
-13.331726,55.521881,0,0,43.506653,62.679291,37.938667,1,0,1,0
21.908188,58.21991,1,0,43.506653,42.483253,62.679291,0,1,0,0
11.826599,67.126198,1,0,51.775467,60.040058,42.483253,1,0,0,0
17.416084,64.686516,1,0,54.962124,55.521881,60.040058,1,1,1,0
39.68256,,1,0,53.346836,58.21991,55.521881,1,1,1,0
-17.089155,54.871403,0,0,41.192814,,,,,0,1
-7.1086702,33.669895,0,1,42.678009,38.897404,,0,,1,1
10.824492,41.840485,1,0,28.420383,43.233841,38.897404,0,0,1,0
-16.02672,57.902302,0,0,27.41449,33.669895,54.871403,0,1,0,0
10.562929,45.809372,1,0,49.487202,57.902302,39,1,0,0,1
-7.2826834,47.297852,0,0,51.483959,44.110931,54.898399,0,1,1,1
-18.384892,43.618889,0,0,50.305206,45.809372,44.110931,0,0,1,1
-2.69033,48.46825,0,1,50.305206,40.116737,45.809372,0,0,0,1
-11.888152,51.390903,0,0,45.931252,47.297852,40.116737,0,0,0,1
-.19033551,43.21114,0,1,42.00452,43.618889,47.297852,0,0,1,0
4.4938984,61.910629,1,1,34.228268,48.46825,43.618889,0,0,1,0
-12.476641,36.984344,0,0,34.228268,51.390903,48.46825,1,0,0,0
24.588171,54.015743,1,0,49.958874,43.21114,51.390903,0,1,0,1
-23.035845,34.513077,0,0,65.606674,61.910629,43.21114,1,0,1,1
11.859733,60.660534,1,0,43.966339,36.984344,61.910629,0,1,1,0
-27.94796,55.3232,0,0,43.966339,54.015743,36.984344,1,0,0,0
22.610748,50.937878,1,0,36.774334,34.513077,54.015743,0,1,0,0
12.197095,64.158638,1,1,47.923912,60.660534,34.513077,1,0,1,1
29.276825,50.442772,1,0,38.557991,50.937878,55.3232,1,1,0,0
8.3667545,50.294102,1,0,39.197548,64.158638,50.937878,1,1,0,0
3.0403585,52.67934,1,0,42.598145,53.550903,64.158638,1,1,1,0
3.2723427,50.112946,1,0,42.95396,50.442772,53.550903,1,1,1,0
10.107502,53.876305,1,1,42.95396,50.294102,50.442772,1,1,0,0
9.9286947,56.030117,1,1,56.12561,50.112946,52.67934,1,1,1,0
9.0249653,,1,0,52.923412,53.876305,50.112946,1,1,1,0
14.076117,,1,0,52.923412,53.369141,53.876305,1,1,0,0
-4.9822421,32.902725,0,1,41.274746,,,,,1,1
-15.103719,52.598042,0,1,41.274746,42.05677,,0,,0,1
-19.460436,46.48407,0,0,44.507046,39.214169,42.05677,0,0,0,1
11.587196,49.076385,1,0,26.953062,32.902725,39.214169,0,0,1,0
4.0880737,55.773907,1,0,29.130325,52.598042,32.902725,1,0,1,0
1.1834025,55.340122,1,0,29.130325,46.48407,52.598042,1,1,0,0
17.213249,54.483898,1,0,47.43623,49.076385,46.48407,1,1,0,0
9.5659704,53.05859,1,0,58.845383,55.340122,55.773907,1,1,1,1
6.601757,47.419064,1,0,58.845383,54.483898,55.340122,1,1,0,1
-5.1618724,36.126682,0,1,52.308815,53.05859,53.260578,1,1,1,1
5.0677032,46.71793,1,0,45.007446,47.419064,53.05859,0,1,1,1
-19.085226,48.37487,0,0,45.007446,50.346405,47.419064,1,0,0,1
-6.5641403,40.141609,0,1,43.553535,36.126682,50.346405,0,1,0,0
-2.3740144,53.467186,0,1,38.791801,46.71793,36.126682,0,0,1,0
-17.237839,32.677452,0,0,52.532959,48.37487,46.71793,0,0,1,1
-17.003149,38.224899,0,0,68.559364,53.467186,40.141609,1,0,0,1
-2.1644979,54.157066,0,1,49.756069,32.677452,53.467186,0,1,1,0
-7.0959625,43.536133,0,0,40.296249,36.770977,32.677452,0,0,1,0
9.2718925,65.066017,1,0,40.296249,38.224899,36.770977,0,0,0,0
-1.3465047,38.42297,0,1,51.874344,54.157066,38.224899,1,0,0,1
30.908585,67.019737,1,0,43.921284,43.536133,54.157066,0,1,1,0
-14.604274,47.782677,0,0,45.830708,65.066017,43.536133,1,0,1,0
35.968746,55.19836,1,0,45.830708,38.42297,65.066017,0,1,0,0
-1.2509078,54.617245,0,0,51.619576,67.019737,38.42297,1,0,0,0
13.72863,55.27137,1,0,49.725525,47.782677,67.019737,0,1,1,0
10.535163,71.160866,1,0,59.469604,55.19836,47.782677,1,0,1,0
12.26548,67.00206,1,1,59.469604,54.617245,55.19836,1,1,0,0
46.916508,66.304443,1,0,60.212509,55.27137,54.617245,1,1,0,0
34.098904,,1,0,62.884289,67.00206,71.160866,1,1,1,0
-22.79015,27.188438,0,0,32.489552,,,,,1,1
-26.445475,33.997341,0,0,27.196285,27.188438,37.246834,0,0,1,0
-30.380932,50.777035,0,0,19.079048,43.11031,29.59046,0,0,0,0
-6.284791,44.415611,0,0,33.885036,33.997341,43.11031,0,0,0,0
4.3206005,51.788078,1,0,45.325912,43.177044,33.997341,0,0,1,1
-10.287446,49.98764,0,0,56.881077,50.777035,43.177044,1,0,1,1
4.4251947,39.814377,1,0,56.881077,44.415611,50.777035,0,1,0,1
.63778758,47.738712,1,0,53.22842,51.788078,44.415611,1,0,0,1
-19.442045,47.979218,0,0,51.135319,49.98764,51.788078,1,1,1,1
-3.5597861,50.081764,0,0,46.914665,39.814377,49.98764,0,1,1,1
-3.5950601,48.383148,0,0,46.914665,47.738712,39.814377,0,0,0,1
.39669573,51.064121,1,0,46.851856,47.979218,47.738712,0,0,0,0
-2.8271704,49.11124,0,1,43.303127,50.081764,47.979218,1,0,1,0
2.3664804,45.795029,1,0,51.058846,48.383148,50.081764,0,1,1,1
-1.470387,45.379681,0,0,51.058846,51.064121,48.383148,1,0,0,1
-6.1004934,45.894402,0,0,64.921318,49.11124,51.064121,0,1,0,1
-6.0459256,46.784245,0,0,47.587158,45.795029,49.11124,0,0,1,0
-7.1078005,48.039177,0,0,39.131313,45.379681,45.795029,0,0,1,0
-5.6070032,39.204292,0,1,39.131313,45.894402,45.379681,0,0,0,0
-2.4448128,42.869217,0,1,50.395679,46.784245,45.894402,0,0,0,1
-20.073011,32.445488,0,0,42.475929,48.039177,46.784245,0,0,1,0
-13.566822,46.330196,0,0,45.989178,39.204292,48.039177,0,0,1,0
-2.7727544,34.787468,0,1,48.386742,32.445488,42.869217,0,0,0,0
-2.4822383,45.509087,0,0,45.146164,46.330196,32.445488,0,0,1,0
-26.55423,41.987442,0,0,49.173565,46.920341,46.330196,0,0,1,0
-6.9069891,58.636581,0,0,49.173565,34.787468,46.920341,0,0,0,0
17.353556,,1,0,50.923805,41.987442,45.509087,0,0,1,0
-2.0169883,,0,1,54.650341,58.636581,41.987442,1,0,1,0
-1.6989291,26.819542,0,1,35.339169,,,,,1,1
-28.168396,64.020988,0,1,25.511583,26.819542,44.918388,0,0,0,0
33.290676,56.472076,1,1,42.228146,43.11565,35.36853,0,0,1,0
6.2106519,51.329823,1,0,42.228146,64.020988,43.11565,1,0,0,0
2.9951334,52.607624,1,1,57.713955,56.472076,52.232506,1,1,1,1
-6.8234262,55.066593,0,0,50.979187,51.329823,56.472076,1,1,1,1
5.5501847,45.757095,1,0,50.979187,46.414555,51.329823,0,1,0,1
10.453799,53.572582,1,0,51.522488,52.607624,46.414555,1,0,0,1
-8.125329,45.720066,0,0,50.067566,55.066593,52.607624,1,1,1,1
7.1452856,54.631008,1,0,44.942959,45.757095,55.066593,0,1,1,0
-8.3817902,47.126053,0,0,44.942959,53.572582,45.757095,1,0,0,0
9.4348431,43.899246,1,0,40.288589,45.720066,53.572582,0,1,0,0
-5.7477088,46.592255,0,0,49.981956,54.631008,45.720066,1,0,1,1
-11.047146,37.345684,0,0,59.471138,47.126053,54.631008,0,1,1,1
-24.868763,45.472347,0,0,44.154217,46.592255,43.899246,0,0,0,0
24.929514,56.010605,1,0,40.511887,37.345684,46.592255,0,0,1,0
-7.8663292,50.073059,0,0,47.929417,62.15107,37.345684,1,0,1,1
13.515326,65.125504,1,1,47.929417,45.472347,62.15107,0,1,0,1
1.8617034,65.068398,1,0,41.721714,56.010605,45.472347,1,0,0,0
31.383471,53.268509,1,0,43.296555,50.073059,56.010605,1,1,1,0
30.136803,56.085247,1,0,48.604553,65.125504,50.073059,1,1,1,0
10.211357,47.467419,1,1,48.604553,65.068398,65.125504,1,1,0,0
15.413943,60.334267,1,1,48.579678,53.268509,65.068398,1,1,0,0
-2.9044957,69.968727,0,0,54.315273,56.085247,53.268509,1,1,1,0
22.314199,67.84095,1,0,54.596348,47.467419,56.085247,0,1,1,0
39.310856,,1,0,54.823158,69.968727,60.334267,1,1,0,0
-1.5986085,,0,1,61.918114,67.84095,69.968727,1,1,1,0
-1.6298056,50.86462,0,0,43.071228,42.139961,,1,,0,1
-13.417691,48.956223,0,0,46.471672,46.139042,42.139961,0,1,0,1
-1.0800034,55.567814,0,0,38.686646,50.86462,41.149532,1,0,1,0
-11.180962,51.457672,0,0,38.686646,48.956223,50.86462,0,1,0,0
13.30372,49.841385,1,0,39.589493,44.116116,48.956223,0,0,0,0
3.9805741,49.129696,1,0,54.66774,55.567814,44.116116,1,0,1,1
-1.3218045,43.363014,0,0,56.6343,49.841385,51.457672,1,1,0,1
-1.3154387,46.351028,0,1,49.028999,49.129696,49.841385,0,1,0,1
-11.542013,46.819824,0,1,46.732086,48.914455,49.129696,0,0,1,1
-6.4600286,44.388351,0,0,48.775883,43.363014,48.914455,0,0,1,1
-5.6232986,56.455822,0,0,48.775883,46.351028,43.363014,0,0,0,1
-10.818866,50.303997,0,0,40.992161,46.819824,46.351028,0,0,0,0
14.03231,54.334385,1,1,39.699444,44.388351,46.819824,0,0,1,0
.60798824,51.651001,1,0,44.599411,56.455822,44.388351,1,0,1,1
9.0028582,50.123238,1,0,44.599411,50.303997,56.455822,1,1,0,1
3.5012603,50.729042,1,0,55.978424,54.334385,50.303997,1,1,0,1
.24647713,40.462749,1,0,37.986149,51.651001,54.334385,1,1,1,0
4.2871027,46.214207,1,0,33.336079,50.123238,51.651001,1,1,1,0
-18.299252,45.584435,0,0,33.336079,50.729042,50.123238,1,1,0,0
-7.5715899,38.50972,0,1,45.707798,40.462749,50.729042,0,1,0,1
-8.2486153,31.857145,0,0,37.653194,46.214207,40.462749,0,0,1,0
-36.285709,30.500698,0,0,37.682716,38.50972,45.584435,0,0,0,0
-16.632887,63.718571,0,0,39.686188,31.857145,38.50972,0,0,0,0
-36.851372,31.851116,0,0,36.793907,40.704414,31.857145,0,0,1,0
28.925287,61.648781,1,1,41.549141,30.500698,40.704414,0,0,1,0
-34.713211,0,0,0,41.549141,63.718571,30.500698,1,0,0,0
24.423647,39.999001,1,0,41.012047,31.851116,63.718571,0,1,0,0
-87.356903,,0,0,39.262974,61.648781,31.851116,1,0,1,0
-14.579755,,0,1,49.945911,0,61.648781,0,1,1,0
-16.48488,50.591286,0,0,27.410391,,,,,0,1
-49.650913,20.905853,0,0,22.259174,50.591286,48.463001,1,0,0,0
-44.143589,47.024517,0,0,13.129655,24.604704,50.591286,0,1,0,0
-4.2995424,46.978943,0,0,52.361744,20.905853,27.646923,0,0,1,1
11.484509,47.194206,1,1,52.361744,47.024517,20.905853,0,0,0,1
-5.6672277,31.995836,0,0,56.329018,53.28476,47.024517,1,0,0,1
-2.3577957,48.510277,0,0,49.521866,46.978943,53.28476,0,1,1,1
-2.1738589,50.752037,0,0,50.194424,31.995836,47.194206,0,0,0,1
-1.5928358,53.572041,0,0,47.56559,48.510277,31.995836,0,0,0,1
1.824379,51.731068,1,0,43.974148,49.03764,48.510277,0,0,1,0
7.4836998,64.381897,1,0,44.145824,50.752037,49.03764,1,0,1,0
29.037291,66.826134,1,0,50.850506,51.731068,53.572041,1,1,0,1
-12.054205,46.29285,0,0,66.704559,64.381897,51.731068,1,1,1,1
33.945404,52.455093,1,0,48.183952,43.84272,64.381897,0,1,1,0
-5.9844284,52.138596,0,0,48.183952,66.826134,43.84272,1,0,0,0
5.6133718,57.735477,1,1,41.813728,46.29285,66.826134,0,1,0,0
4.2867513,51.766121,1,0,46.437618,52.455093,46.29285,1,0,1,1
16.882053,60.378613,1,0,42.497414,52.138596,52.455093,1,1,1,0
4.607728,57.479263,1,0,42.497414,57.735477,52.138596,1,1,0,0
21.923824,42.747139,1,0,40.236076,51.766121,57.735477,1,1,0,0
16.249132,58.357323,1,0,45.672077,60.378613,51.766121,1,1,1,0
-9.1283207,49.474754,0,1,43.773685,57.479263,60.378613,1,1,1,0
18.48819,60.608501,1,0,43.773685,42.747139,57.479263,0,1,0,0
1.6138196,56.909977,1,0,51.694824,58.357323,42.747139,1,0,0,0
22.723034,62.664963,1,0,51.277256,49.474754,58.357323,1,1,1,0
15.652349,,1,0,51.230705,60.608501,49.474754,1,1,1,0
28.818836,,1,0,51.230705,56.909977,60.608501,1,1,0,0
3.1115651,47.721317,1,0,40.963097,39.59573,,0,,0,1
-18.346724,46.598541,0,1,51.855259,49.262341,39.59573,1,0,0,1
-3.1784563,39.074459,0,0,38.584118,40.757713,49.262341,0,1,1,0
-21.659872,59.948338,0,0,23.701269,46.598541,47.721317,0,0,0,0
6.642765,46.36134,1,0,34.453381,39.074459,46.598541,0,0,0,0
20.534061,47.627266,1,0,49.878571,52.46764,39.074459,1,0,1,1
-7.2773218,49.702736,0,0,57.997154,59.948338,52.46764,1,1,1,1
-.59452951,42.462086,0,0,52.204365,47.627266,46.36134,0,0,0,1
-14.668065,45.415394,0,1,49.817162,49.702736,47.627266,0,0,1,1
-9.1692123,52.460968,0,0,49.482624,42.462086,42.355656,0,0,0,1
5.7773113,61.560883,1,0,43.244301,45.415394,42.462086,0,0,0,0
4.921937,50.21965,1,0,38.885792,52.888657,45.415394,1,0,1,0
23.121761,48.466293,1,0,46.715855,52.460968,52.888657,1,1,1,1
.43930113,47.449448,1,0,46.715855,61.560883,52.460968,1,1,0,1
-2.2346497,49.510445,0,1,42.947369,48.466293,50.21965,0,1,1,0
33.891251,68.800041,1,1,38.070087,47.449448,48.466293,0,0,1,0
2.9928744,56.656986,1,0,38.070087,64.62265,47.449448,1,0,0,0
40.550488,62.450813,1,1,48.898689,49.510445,64.62265,1,1,0,1
15.520033,56.974323,1,0,40.909813,68.800041,49.510445,1,1,1,0
24.904451,50.989635,1,0,40.235443,56.656986,68.800041,1,1,1,0
13.952109,39.227772,1,0,40.235443,62.450813,56.656986,1,1,0,0
8.6800814,43.534111,1,0,44.146843,56.974323,62.450813,1,1,0,0
-14.208889,35.85384,0,1,40.181278,50.989635,56.974323,1,1,1,0
-12.925607,36.144085,0,1,47.375748,39.227772,50.989635,0,1,1,0
-24.061453,56.164135,0,0,47.375748,43.534111,39.227772,0,0,0,0
-27.706369,39.403889,0,0,46.44043,35.85384,43.534111,0,0,0,0
12.348917,,1,0,48.706676,36.144085,35.85384,0,0,1,0
-17.442408,,0,1,51.504272,56.164135,36.144085,1,0,1,0
-27.399286,0,0,0,41.060066,43.806534,,1,,0,1
-32.052475,12.196736,0,0,42.797684,31.877419,43.806534,0,1,0,1
-42.82304,56.978363,0,1,8.0994635,0,13.182475,0,0,1,0
-85.566422,24.236002,0,0,8.0994635,12.196736,0,0,0,0,0
20.781401,24.744028,1,1,44.280613,0,12.196736,0,0,0,0
-28.687876,13.204048,0,0,63.456226,56.978363,0,1,0,1,1
-22.911285,42.753513,0,0,63.801807,24.236002,56.978363,0,1,1,1
-32.214016,37.409435,0,0,63.801807,24.744028,24.236002,0,0,0,1
-7.7499986,46.192066,0,0,50.146675,13.204048,24.744028,0,0,0,1
-23.867359,45.565475,0,1,48.569019,42.753513,13.204048,0,0,1,1
-7.1450262,41.224762,0,0,50.697838,37.409435,42.753513,0,0,1,1
-17.370251,52.559818,0,0,38.707642,45.565475,46.192066,0,0,0,0
14.400697,53.293449,1,0,37.842377,41.224762,45.565475,0,0,1,0
5.356112,61.692856,1,0,48.048908,57.123341,41.224762,1,0,1,1
6.6853018,70.834084,1,0,48.048908,52.559818,57.123341,1,1,0,1
23.386923,61.750984,1,0,62.088585,53.293449,52.559818,1,1,0,1
42.357128,72.188011,1,0,44.267643,61.692856,53.293449,1,1,1,0
25.958672,48.338898,1,0,43.724884,70.834084,61.692856,1,1,1,0
45.21888,63.645508,1,0,43.724884,61.750984,70.834084,1,1,0,0
-1.8520981,47.395855,0,1,49.436573,72.188011,61.750984,1,1,0,1
29.512077,52.053787,1,0,43.180317,48.338898,72.188011,0,1,1,0
-3.4797013,52.570133,0,0,45.021702,63.645508,48.338898,1,0,1,0
4.52843,58.293671,1,1,45.021702,47.395855,63.645508,0,1,0,0
6.5602779,50.547523,1,0,51.414032,52.053787,47.395855,1,0,0,0
17.607822,61.542789,1,0,41.130741,52.570133,52.053787,1,1,1,0
2.145967,55.350483,1,0,48.810951,58.293671,52.570133,1,1,1,0
24.506838,67.306557,1,0,48.810951,50.547523,58.293671,1,1,0,0
11.238742,47.019917,1,0,47.832821,61.542789,50.547523,1,1,0,0
37.829872,,1,0,49.699718,55.350483,61.542789,1,1,1,0
-4.8376322,,0,0,56.217785,67.306557,55.350483,1,1,1,0
-9.033206,37.423153,0,0,37.640068,,,,,1,1
-13.202,54.855656,0,1,16.419628,49.957851,37.423153,0,0,1,0
-13.252542,50.484348,0,0,37.556,43.319656,49.957851,0,0,1,0
3.3609123,41.705318,1,0,57.685589,54.855656,43.033848,1,0,0,1
.33720434,48.373344,1,0,54.399849,50.484348,54.855656,1,1,1,1
-16.266956,57.798786,0,0,47.621094,49.743759,50.484348,1,1,1,1
-2.9102535,44.700726,0,0,47.621094,41.705318,49.743759,0,1,0,1
16.238108,47.525772,1,0,47.489693,48.373344,41.705318,0,0,0,1
-10.115862,46.082695,0,0,50.312443,57.798786,48.373344,1,0,1,1
-4.6848149,48.087238,0,0,35.587399,44.700726,57.798786,0,1,1,0
-7.8346105,46.611118,0,0,35.587399,47.525772,44.700726,0,0,0,0
-3.8255215,37.797729,0,1,40.650627,46.082695,47.525772,0,0,0,0
-6.7777634,50.248318,0,0,43.221909,48.087238,46.082695,0,0,1,1
-23.116722,55.066799,0,0,61.883144,46.611118,48.087238,0,0,1,1
.56070685,52.042187,1,1,61.883144,37.797729,46.611118,0,0,0,1
10.978839,47.906879,1,0,40.815681,50.248318,37.797729,1,0,0,0
4.7665091,45.538723,1,1,40.475422,55.066799,50.248318,1,1,1,0
-3.2173486,55.456257,0,0,48.458382,52.042187,55.066799,1,1,1,1
-7.9456806,33.574654,0,1,48.458382,47.906879,52.042187,0,1,0,1
11.797172,54.472713,1,0,38.604164,45.538723,47.906879,0,0,0,0
-32.460903,27.200205,0,0,45.887081,55.456257,45.538723,1,0,1,0
9.0561066,51.808662,1,0,54.711926,33.574654,55.456257,0,1,1,0
-42.414124,30.493393,0,0,54.711926,54.472713,33.574654,1,0,0,0
5.0944624,54.177647,1,0,43.285839,27.200205,54.472713,0,1,0,0
-37.918381,27.877041,0,0,50.260967,51.808662,27.200205,1,0,1,0
10.398647,62.655785,1,0,48.535645,30.493393,51.808662,0,1,1,0
-42.306526,33.303318,0,0,48.535645,54.177647,30.493393,1,0,0,0
25.394535,,1,0,49.233131,27.877041,54.177647,0,1,0,0
-31.049231,,0,0,53.928017,62.655785,27.877041,1,0,1,0
-.76518655,33.359165,0,1,39.299431,,,,,1,1
-29.962679,25.223545,0,0,49.949429,34.767361,,0,,1,1
-30.655489,34.739872,0,0,49.949429,33.728374,34.767361,0,0,0,1
-44.873138,38.906906,0,0,32.519402,33.359165,33.728374,0,0,0,0
-22.186193,48.413532,0,0,27.06159,34.739872,25.223545,0,0,1,0
3.6344707,43.77972,1,0,27.06159,38.906906,34.739872,0,0,0,0
-2.5858939,40.300266,0,0,53.562599,45.667519,38.906906,1,0,0,1
-12.4273,40.653465,0,0,53.669842,48.413532,45.667519,0,1,1,1
-16.81321,42.715214,0,0,42.395245,43.77972,48.413532,0,0,1,1
-12.204364,41.836349,0,1,39.175171,40.653465,40.300266,0,0,0,1
-10.420701,40.463722,0,0,44.611248,42.715214,40.653465,0,0,1,1
-14.491886,43.765305,0,0,30.496136,43.831894,42.715214,0,0,1,0
-17.434448,35.939972,0,0,30.496136,41.836349,43.831894,0,0,0,0
-26.49655,38.663223,0,0,39.104568,43.765305,40.463722,0,0,1,1
-6.9791226,22.020309,0,0,54.08876,35.939972,43.765305,0,0,1,1
-21.417627,49.148323,0,1,54.08876,45.166496,35.939972,0,0,0,1
-50.654366,42.412586,0,0,34.716076,38.663223,45.166496,0,0,0,0
-1.7033488,36.23925,0,0,29.504255,22.020309,38.663223,0,0,1,0
-11.451324,21.235863,0,1,44.936394,49.148323,22.020309,0,0,1,1
-27.521494,29.950726,0,1,44.936394,42.412586,49.148323,0,0,0,1
-54.752899,26.395121,0,0,33.287575,36.23925,42.412586,0,0,0,0
-40.098549,31.02898,0,0,32.598038,21.235863,36.23925,0,0,1,0
-47.209755,34.436947,0,0,42.559643,29.950726,21.235863,0,0,1,0
-27.586906,0,0,1,33.735611,31.02898,26.395121,0,0,0,0
-33.678333,27.487242,0,0,36.084797,34.436947,31.02898,0,0,1,0
-82.522369,36.458466,0,0,37.238323,31.587822,34.436947,0,0,1,0
-41.675537,26.378548,0,0,37.238323,0,31.587822,0,0,0,0
-23.599932,,0,0,36.623093,27.487242,0,0,0,0,0
-43.715828,,0,1,41.651966,36.458466,27.487242,0,0,1,0
-17.741686,17.895021,0,1,31.843191,,,,,0,1
-29.203754,0,0,0,19.43281,0,30.840536,0,0,1,0
-40.708351,36.127022,0,0,19.43281,17.895021,0,0,0,0,0
-66.292068,29.199558,0,0,6.8008604,6.420198,17.895021,0,0,0,0
-21.780025,20.55706,0,0,59.910275,36.127022,0,0,0,1,1
-32.439758,39.775543,0,0,61.843048,0,29.199558,0,0,0,1
-36.566319,59.929676,0,0,51.486748,20.55706,0,0,0,1,1
-19.147495,42.525799,0,1,0,10.410546,20.55706,0,0,1,1
20.266417,56.384552,1,0,0,39.775543,10.410546,0,0,0,1
-14.100862,52.902596,0,0,0,59.929676,39.775543,1,0,0,1
14.273998,57.531593,1,0,0,42.525799,59.929676,0,1,1,0
6.2750072,60.337067,1,0,0,56.384552,42.525799,1,0,1,0
21.082533,57.752472,1,0,0,57.531593,52.902596,1,1,0,1
8.7281494,56.670208,1,1,0,60.337067,57.531593,1,1,1,1
16.135475,67.505035,1,1,0,53.942577,60.337067,1,1,1,0
-19.221159,41.281898,0,1,0,67.505035,56.670208,1,1,1,1
-6.8640084,40.920872,0,0,0,40.389423,67.505035,0,1,1,0
-16.800495,50.44117,0,0,0,46.567997,40.389423,0,0,0,0
-18.158257,44.099907,0,0,49.736099,41.281898,46.567997,0,0,0,0
.8823365,50.318909,1,0,0,40.920872,41.281898,0,0,1,0
-4.9518614,48.83419,0,1,43.484653,50.44117,40.920872,1,0,1,0
5.541554,58.056347,1,0,51.099949,50.318909,44.099907,1,0,0,0
-2.1933019,42.363312,0,1,47.905575,48.83419,50.318909,1,1,1,0
20.119921,,1,1,51.089687,47.33556,48.83419,0,1,1,0
.010898709,,1,0,51.089687,58.056347,47.33556,1,0,0,0
3.1214089,51.361042,1,0,47.34642,50.404949,,1,,0,1
3.5589159,47.881271,1,0,43.145306,44.472996,50.56414,0,1,1,0
-4.0329695,59.544922,0,1,43.801319,51.294697,51.361042,1,1,0,0
27.324898,60.690617,1,1,44.15406,47.881271,51.294697,0,1,0,0
19.832119,51.169151,1,0,63.694008,63.180447,47.881271,1,0,1,1
21.541695,49.89296,1,0,60.758053,59.544922,63.180447,1,1,1,1
-.11554658,53.588261,0,1,52.269226,51.169151,60.690617,1,1,0,1
-5.6167989,53.986538,0,1,51.370876,49.89296,51.169151,0,1,1,1
7.2359114,56.410049,1,0,58.108372,47.093048,49.89296,0,0,1,1
8.0484419,66.450554,1,0,58.108372,53.588261,47.093048,1,0,0,1
32.901108,66.552856,1,0,50.1087,56.410049,53.986538,1,1,1,0
9.1305523,51.019745,1,0,50.258034,66.450554,56.410049,1,1,1,1
33.105705,51.049526,1,0,50.258034,54.565273,66.450554,1,1,0,1
2.0394921,60.069527,1,1,64.049591,66.552856,54.565273,1,1,0,1
2.9229403,42.496109,1,0,43.73822,51.019745,66.552856,1,1,1,0
20.790035,52.001751,1,0,37.705666,51.049526,51.019745,1,1,1,0
-14.442503,49.14925,0,1,37.705666,60.069527,51.049526,1,1,0,0
4.3279858,47.357422,1,1,51.178764,42.496109,60.069527,0,1,0,1
-1.7004609,31.750166,0,0,44.380699,52.001751,42.496109,1,0,1,0
-5.2789927,44.925892,0,1,39.97525,49.14925,52.001751,0,1,1,0
-35.950809,35.698906,0,0,39.97525,47.357422,49.14925,0,0,0,0
-6.9613514,43.771122,0,0,47.850449,31.750166,47.357422,0,0,0,0
-24.023893,50.466591,0,1,44.06625,44.925892,31.750166,0,0,1,0
-8.9048653,42.797081,0,0,47.539577,35.698906,44.925892,0,0,1,0
-13.295439,39.156681,0,0,47.08427,50.466591,43.771122,1,0,0,0
2.2699058,,1,0,46.100445,42.797081,50.466591,0,1,1,0
-16.421312,,0,1,49.296646,49.578358,42.797081,1,0,1,0
4.0947256,38.243084,1,0,0,,,,,0,1
-9.0290279,37.583237,0,1,55.279743,49.977119,,1,,1,1
-18.593418,38.720875,0,0,31.250212,45.485489,49.977119,0,1,1,0
-24.833525,39.741535,0,0,31.250212,38.243084,45.485489,0,0,0,0
-17.093723,18.359936,0,0,36.179836,38.720875,37.583237,0,0,1,0
12.425452,41.491497,1,1,62.981926,39.741535,38.720875,0,0,1,1
-25.460264,22.033096,0,0,62.981926,55.293362,39.741535,1,0,0,1
-15.51221,29.180931,0,1,57.143394,18.359936,55.293362,0,1,0,1
-26.946964,43.297768,0,0,42.813187,41.491497,18.359936,0,0,1,1
-41.638138,27.827444,0,0,41.419861,22.033096,41.491497,0,0,1,1
-22.141945,41.069691,0,1,30.846209,27.827444,43.297768,0,0,1,0
-11.278716,38.623466,0,0,34.485573,38.929028,27.827444,0,0,1,0
-17.860624,38.827351,0,0,34.485573,44.360641,38.929028,0,0,0,0
-22.748808,47.428566,0,0,37.929195,41.069691,44.360641,0,0,0,1
-22.345301,46.769497,0,0,52.607189,38.623466,41.069691,0,0,1,1
-5.0576744,52.890564,0,0,31.81218,38.827351,38.623466,0,0,1,0
-6.3173146,67.616837,0,0,31.81218,47.428566,38.827351,0,0,0,0
5.8183761,66.590675,1,1,29.497524,46.769497,47.428566,0,0,0,0
35.291527,51.935844,1,1,38.449673,52.890564,46.769497,1,0,1,1
3.9192171,58.902405,1,0,26.022738,66.590675,67.616837,1,1,0,0
15.043124,54.781467,1,1,28.807915,51.935844,66.590675,1,1,0,0
17.979277,41.65316,1,0,39.191036,56.706047,51.935844,1,1,1,0
9.7770214,51.000225,1,0,29.403454,58.902405,56.706047,1,1,1,0
-14.484426,14.637134,0,1,29.403454,54.781467,58.902405,1,1,0,0
2.1853299,63.882793,1,1,34.950657,41.65316,54.781467,0,1,0,0
-68.125031,40.056984,0,0,33.253036,51.000225,41.65316,1,0,1,0
27.765583,,1,0,32.682159,14.637134,51.000225,0,1,1,0
-17.463228,,0,0,32.682159,63.882793,14.637134,1,0,0,0
-21.866909,0,0,0,34.170963,,,,,1,1
-15.606395,47.716949,0,0,34.170963,33.948002,,0,,0,1
-4.5660973,19.346455,0,1,18.276913,0,38.24435,0,0,1,0
-64.071671,27.447113,0,0,6.9609857,47.716949,0,0,0,1,0
-60.28788,40.244293,0,0,6.9609857,8.7159748,47.716949,0,0,0,0
-44.87849,7.3127174,0,0,44.465385,19.346455,8.7159748,0,0,0,0
-17.999512,26.447079,0,0,69.589142,27.447113,19.346455,0,0,1,1
-42.81192,45.195847,0,0,59.604847,40.244293,27.447113,0,0,1,1
-11.662206,23.199623,0,1,59.604847,7.3127174,40.244293,0,0,0,1
-30.137497,23.255529,0,0,45.482372,45.195847,26.447079,1,0,1,1
-35.188198,36.008617,0,0,43.40963,23.199623,45.195847,0,1,1,1
-43.093346,41.484596,0,0,43.40963,32.405899,23.199623,0,0,0,1
-27.599005,39.346199,0,0,28.391829,23.255529,32.405899,0,0,0,0
-21.307608,33.704372,0,0,44.52198,41.484596,36.008617,0,0,1,1
15.286255,61.267536,1,0,44.52198,39.346199,41.484596,0,0,0,1
-30.925951,48.345291,0,0,57.968414,57.643127,39.346199,1,0,0,1
23.46648,62.096642,1,0,38.231499,33.704372,57.643127,0,1,1,0
-.078928471,28.956266,0,0,35.785736,61.267536,33.704372,1,0,1,0
25.544226,62.817139,1,0,35.785736,48.345291,61.267536,0,1,0,0
-41.32996,49.803806,0,1,45.803009,62.096642,48.345291,1,0,0,1
28.79203,59.445656,1,0,26.261087,28.956266,62.096642,0,1,1,0
20.12949,63.155354,1,1,42.972,59.445656,49.803806,1,1,0,0
15.965962,61.372543,1,0,32.183502,59.004066,59.445656,1,1,1,0
27.997074,68.27993,1,0,40.127846,57.982983,59.004066,1,1,1,0
22.745089,68.826324,1,0,40.127846,63.155354,57.982983,1,1,0,0
36.559853,22.174347,1,0,33.05534,61.372543,63.155354,1,1,0,0
39.297832,,1,0,35.498814,68.27993,61.372543,1,1,1,0
-53.905998,,0,1,44.620541,68.826324,68.27993,1,1,1,0
3.4552364,19.99848,1,1,42.072781,,,,,1,1
-16.121677,31.156021,0,1,45.905136,48.102848,,1,,1,1
-30.097897,33.277615,0,1,45.905136,38.948883,48.102848,0,1,0,1
-12.971705,51.632248,0,1,19.842314,19.99848,38.948883,0,0,0,0
-26.242533,44.570919,0,0,13.358991,31.156021,19.99848,0,0,1,0
3.2644987,48.832241,1,0,39.204605,33.277615,31.156021,0,0,1,0
2.0870566,41.258141,1,0,63.623726,44.570919,51.632248,0,1,0,1
-4.9125166,36.139851,0,1,54.017853,48.832241,44.570919,1,0,1,1
-27.720304,36.080235,0,0,42.590954,41.258141,47.543743,0,0,0,1
-18.669209,42.704617,0,1,41.672127,36.139851,41.258141,0,0,0,1
-27.839529,49.205154,0,1,47.041443,40.665398,36.139851,0,0,1,1
-14.590764,47.557636,0,0,30.727566,36.080235,40.665398,0,0,1,0
-4.8847227,33.716312,0,0,41.614799,49.205154,42.704617,0,0,0,0
.23474693,56.789635,1,0,41.786438,47.557636,49.205154,0,0,1,1
-32.567379,57.043404,0,0,55.612415,50.117374,47.557636,1,0,1,1
13.57927,53.043198,1,0,55.612415,33.716312,50.117374,0,1,0,1
14.086807,33.164059,1,1,41.961643,56.789635,33.716312,1,0,0,0
6.0864,39.397453,1,0,45.523151,57.043404,56.789635,1,1,1,0
-33.671883,25.50956,0,1,48.912125,53.043198,57.043404,1,1,1,1
-18.803097,51.602947,0,1,48.912125,33.164059,53.043198,0,1,0,1
-48.980881,45.072517,0,0,31.691807,39.397453,33.164059,0,0,0,0
3.2058954,64.902321,1,0,36.528797,25.50956,39.397453,0,0,1,0
-7.3192091,51.321938,0,0,46.50613,51.602947,25.50956,1,0,1,0
32.395702,62.143135,1,0,46.50613,45.072517,51.602947,0,1,0,0
2.6438684,49.622826,1,0,37.140972,64.902321,45.072517,1,0,0,0
25.734514,49.423809,1,0,43.027122,51.321938,64.902321,1,1,1,0
.1552552,62.491692,1,0,37.564224,62.143135,51.321938,1,1,1,0
-1.1523843,0,0,0,37.564224,49.622826,62.143135,1,1,0,0
24.983383,,1,0,38.443645,49.423809,49.622826,0,1,0,0
-100,,0,0,44.747429,62.491692,49.423809,1,0,1,0
99.831833,71.881699,1,0,65.9478,,,,,0,1
45.385773,99.774315,1,0,61.329006,99.676811,99.915916,1,1,1,0
48.94418,76.663292,1,0,61.329006,71.881699,99.676811,1,1,0,0
53.326584,91.694481,1,0,45.894737,99.774315,73.122093,1,1,1,0
55.042488,93.323486,1,0,68.463341,76.663292,99.774315,1,1,1,1
87.017097,91.129288,1,0,68.463341,75.967529,76.663292,1,1,0,1
86.646973,64.846817,1,0,70.22924,91.694481,75.967529,1,1,0,1
34.391041,73.351471,1,0,62.364311,91.129288,93.323486,1,1,1,1
34.752739,79.881248,1,0,62.364311,64.846817,91.129288,1,1,0,1
46.70295,69.316711,1,0,47.891026,65.595314,64.846817,1,1,0,1
59.762489,81.270508,1,0,43.35675,73.351471,65.595314,1,1,1,0
38.633423,63.796234,1,0,38.36224,79.881248,73.351471,1,1,1,0
25.095963,46.1203,1,0,53.540791,63.796234,81.270508,1,1,1,1
-22.349936,38.267033,0,0,32.530128,58.573006,63.796234,1,1,1,0
-5.3266258,49.785889,0,0,32.530128,31.165546,58.573006,0,1,0,0
-23.46594,48.80109,0,0,30.122257,46.1203,31.165546,0,0,0,0
-.38625002,29.945002,0,1,47.958218,38.267033,46.1203,0,0,1,1
-2.3828416,71.249847,0,1,40.308743,49.785889,38.267033,0,0,1,0
-40.102478,0,0,0,40.308743,48.80109,49.785889,0,0,0,0
42.555721,45.608402,1,1,37.092937,29.945002,48.80109,0,0,0,0
-80.907089,47.393505,0,0,39.231403,71.249847,29.945002,1,0,1,0
2.7297199,47.680264,1,0,40.593433,0,71.249847,0,1,1,0
-5.0860524,0,0,0,40.593433,45.608402,0,1,0,0,0
-4.5751719,49.594315,0,0,45.14777,47.393505,45.608402,0,1,0,0
-82.575256,65.032547,0,0,44.435612,47.680264,47.393505,0,0,1,0
.39355457,,1,0,45.483898,0,47.680264,0,0,1,0
31.304005,,1,1,45.483898,49.594315,0,1,0,0,0
62.943562,67.980888,1,1,69.886993,,,,,1,1
36.828224,80.872627,1,0,75.988808,100,78.128502,1,1,0,1
50.359558,59.713978,1,0,66.707985,67.980888,100,1,1,0,0
61.745251,86.246712,1,1,69.68557,75.179779,67.980888,1,1,1,0
19.427956,87.027199,1,0,51.32761,80.872627,75.179779,1,1,1,0
74.789085,99.994217,1,0,84.744301,86.246712,59.713978,1,1,0,1
72.756622,81.777931,1,,86.382317,87.027199,86.246712,1,1,1,1
64.832153,76.539986,1,0,85.222832,99.994217,86.378311,1,1,0,1
67.999092,82.474342,1,0,81.309761,81.777931,99.994217,1,1,0,1
53.079975,100,1,0,44.393089,83.999542,81.777931,1,1,1,1
64.949005,70.241714,1,0,64.553413,76.539986,83.999542,1,1,1,0
100,50.855625,1,0,64.553413,82.474342,76.539986,1,1,0,0
40.486496,60.071415,1,0,56.408291,100,82.474342,1,1,0,0
1.713264,69.987289,1,0,56.789524,70.241714,100,1,1,1,1
21.071306,62.267303,1,0,0,50.855625,70.241714,1,1,1,1
47.93985,95.843796,1,1,0,60.071415,50.855625,1,1,0,1
29.204481,93.994728,1,0,65.836349,69.987289,60.071415,1,1,0,0
91.687599,47.053921,1,0,25.517576,62.267303,69.987289,1,1,1,0
87.989449,62.756245,1,1,55.741779,95.843796,62.267303,1,1,1,1
-3.0990362,50.281502,0,1,55.741779,93.994728,95.843796,1,1,0,1
26.401546,60.567154,1,0,47.200981,47.053921,93.994728,0,1,0,0
.56300163,64.870438,1,0,38.280781,62.756245,47.053921,1,0,1,0
21.146959,45.4618,1,0,39.863297,50.281502,62.756245,1,1,1,0
-6.9884958,39.827705,0,1,40.880062,64.870438,60.567154,1,1,0,0
-26.550467,32.354359,0,0,43.156086,45.4618,64.870438,0,1,1,0
-18.74935,36.520447,0,0,41.566502,36.691368,45.4618,0,0,1,0
-35.1908,34.710155,0,0,41.566502,39.827705,36.691368,0,0,0,0
-26.841787,,0,0,36.843739,32.354359,39.827705,0,0,0,0
-30.465321,,0,0,38.740437,36.520447,32.354359,0,0,1,0
100,73.535271,1,0,65.966118,,,,,1,1
31.87989,82.755371,1,1,65.966118,100,,1,,0,1
47.070538,100,1,,58.493309,65.939941,100,1,1,0,0
100,81.835068,1,0,60.281391,82.755371,73.535271,1,1,1,0
78.969971,89.614258,1,0,60.281391,100,82.755371,1,1,0,0
79.228508,85.106613,1,0,81.795586,81.835068,89.484985,1,1,1,1
100,93.307663,1,1,78.443092,89.614258,81.835068,1,1,1,1
70.213226,100,1,1,78.443092,100,89.614258,1,1,0,1
86.615326,100,1,0,69.950089,85.106613,100,1,1,0,1
100,82.983025,1,0,61.721413,93.307663,85.106613,1,1,1,1
100,99.88105,1,0,55.904152,100,93.307663,1,1,1,0
65.966049,68.673935,1,0,55.904152,100,100,1,1,0,0
99.762108,100,1,,52.457375,82.983025,100,1,1,0,0
37.347866,59.145283,1,0,50.594521,99.88105,82.983025,1,1,1,1
100,60.884983,1,,56.063957,68.673935,99.88105,1,1,1,1
18.290564,84.896202,1,0,56.063957,100,68.673935,1,1,0,1
69.792404,59.087276,1,1,30.690292,60.884983,59.145283,1,1,1,0
60.354359,57.347744,1,1,64.961723,84.896202,60.884983,1,1,1,1
18.215481,62.27607,1,1,64.961723,76.577202,84.896202,1,1,0,1
14.69549,99.833214,1,0,47.522633,59.087276,76.577202,1,1,0,0
24.559624,60.177197,1,0,38.772411,57.347744,59.087276,1,1,1,0
99.666428,47.29958,1,0,42.19173,62.27607,57.347744,1,1,1,0
20.354389,55.074757,1,1,42.19173,99.833214,62.27607,1,1,0,0
-5.4008393,53.89653,0,1,53.207951,60.177197,99.833214,1,1,0,0
12.846464,55.897778,1,1,53.73645,47.29958,60.177197,0,1,1,0
7.793057,79.532967,1,0,45.864258,55.074757,47.29958,1,0,1,0
11.828271,36.945114,1,0,45.864258,53.89653,55.074757,1,1,0,0
59.065937,,1,0,44.54763,55.897778,53.89653,1,1,0,0
-20.957825,,0,0,38.864662,79.532967,55.897778,1,1,1,0
99.038086,74.26535,1,0,69.522194,,,,,1,1
70.409683,87.982681,1,1,69.522194,99.519043,,1,,0,1
53.318329,77.864197,1,0,69.343773,82.86055,99.519043,1,1,0,1
75.965355,68.529877,1,0,47.143646,74.26535,82.86055,1,1,1,0
65.082047,99.776222,1,0,56.876522,87.982681,74.26535,1,1,1,0
37.06065,100,1,0,56.876522,77.864197,87.982681,1,1,0,0
64.890945,71.279327,1,0,76.097626,100,99.776222,1,1,1,1
42.558655,76.235062,1,0,74.014404,100,82.445473,1,1,0,1
52.556885,100,1,1,48.817001,78.648849,71.279327,1,1,1,1
99.632576,71.229492,1,0,48.817001,76.235062,78.648849,1,1,0,1
100,70.020027,1,0,44.990524,99.816284,76.235062,1,1,0,0
42.458988,63.933945,1,0,42.670742,100,99.816284,1,1,1,0
40.060604,44.099655,1,0,48.485409,71.229492,100,1,1,1,1
27.902498,53.864742,1,0,48.485409,70.020027,71.229492,1,1,0,1
-11.800692,43.377625,0,1,51.14854,63.933945,70.020027,1,1,0,1
7.7368231,62.974506,1,1,30.934841,44.099655,63.933945,0,1,1,0
2.4635406,48.338875,1,1,27.79862,53.864742,44.099655,1,0,1,0
25.953564,61.728943,1,0,27.79862,43.377625,53.864742,1,1,0,0
-3.3177466,54.738926,0,1,51.926105,62.974506,43.377625,1,1,0,1
23.457886,49.568569,1,,38.500221,48.338875,62.974506,0,1,1,0
9.4800978,65.404579,1,0,34.660091,61.728943,48.338875,1,0,1,0
-.84848404,29.47784,0,1,34.660091,54.738926,61.728943,1,1,0,0
30.813595,62.469379,1,0,38.507217,49.568569,54.738926,0,1,0,0
-41.019039,51.043613,0,0,39.001602,65.404579,49.568569,1,0,1,0
24.938759,48.321026,1,0,48.019775,29.47784,65.404579,0,1,1,0
4.8514962,60.300983,1,1,48.019775,62.469379,29.47784,1,0,0,0
22.205353,,1,0,47.09111,48.321026,51.043613,0,1,1,0
-40.825127,,0,1,51.033306,60.300983,48.321026,1,0,1,0
36.757706,94.898346,1,0,76.633743,,,,,1,1
76.720551,100,1,1,79.507843,68.378853,,1,,1,1
100,99.998199,1,,70.906311,94.898346,88.360275,1,1,0,0
100,92.818336,1,0,74.142685,100,94.898346,1,1,1,0
85.636673,95.106552,1,0,56.555737,99.998199,100,1,1,0,0
100,96.936623,1,0,91.599045,92.818336,99.998199,1,1,0,1
90.213104,99.998535,1,0,87.104111,100,92.818336,1,1,1,1
93.873253,99.889656,1,0,84.8116,95.106552,100,1,1,1,1
99.99707,99.998848,1,0,84.8116,96.936623,95.106552,1,1,0,1
99.779305,99.994308,1,0,81.737167,99.998535,96.936623,1,1,0,1
99.997696,99.96804,1,0,60.79734,99.889656,99.998535,1,1,1,1
99.988617,99.938423,1,0,69.660484,99.998848,99.889656,1,1,1,0
99.936081,100,1,1,69.660484,99.994308,99.998848,1,1,0,0
99.876846,99.95327,1,0,66.405533,99.96804,99.994308,1,1,0,0
100,77.511497,1,0,62.539696,99.938423,99.96804,1,1,1,1
55.022991,71.736595,1,0,45.846321,99.95327,100,1,1,0,1
7.9469533,83.133888,1,0,26.749336,77.511497,99.95327,1,1,0,0
43.508987,49.128292,1,0,24.724535,53.973476,77.511497,1,1,1,0
66.267776,79.944328,1,0,66.938293,71.736595,53.973476,1,1,1,1
-1.743415,50.917019,0,1,66.938293,83.133888,71.736595,1,1,0,1
59.88866,100,1,0,55.789959,49.128292,83.133888,0,1,0,0
1.8340349,49.352585,1,0,39.802177,79.944328,49.128292,1,0,1,0
100,48.865856,1,0,39.498756,50.917019,79.944328,1,1,1,0
-1.2948275,45.150749,0,0,39.498756,100,50.917019,1,1,0,0
1.3289481,45.904491,1,1,43.468838,49.352585,100,0,1,0,0
-6.8618984,42.560417,0,1,42.987396,45.150749,48.865856,0,1,1,0
-17.898643,38.998646,0,1,42.987396,45.904491,45.150749,0,0,0,0
-14.879168,,0,0,41.374947,39.978195,45.904491,0,0,0,0
-19.308735,,0,0,46.990181,42.560417,39.978195,0,0,1,0
100,99.976006,1,,85.91111,100,,1,,0,1
100,99.981621,1,0,69.199753,100,100,1,1,0,0
99.952019,99.998795,1,0,76.438896,100,100,1,1,1,0
99.997589,99.83535,1,1,76.29451,99.981621,99.976006,1,1,0,0
99.995232,100,1,1,92.788055,99.998795,99.981621,1,1,0,1
99.6707,99.990921,1,0,88.837715,99.99762,99.998795,1,1,1,1
100,99.997276,1,0,85.884155,99.83535,99.99762,1,1,1,1
99.994553,100,1,0,80.588928,99.990921,100,1,1,0,1
75.435791,100,1,0,32.74855,99.997276,99.990921,1,1,1,1
100,79.757751,1,0,52.922146,87.717896,99.997276,1,1,1,0
100,75.57122,1,0,52.922146,100,87.717896,1,1,0,0
59.515499,100,1,0,39.507629,100,100,1,1,0,0
51.142441,100,1,0,50.420044,79.757751,100,1,1,1,1
100,100,1,0,43.185432,100,75.57122,1,1,0,1
29.487955,100,1,1,28.212219,100,100,1,1,0,0
100,57.641201,1,0,29.756918,55.21106,100,1,1,1,0
100,85.758965,1,,51.732231,100,55.21106,1,1,1,1
16.916027,52.820469,1,1,51.732231,100,100,1,1,0,1
76.910614,53.92844,1,0,45.74823,57.641201,100,1,1,0,0
5.6409359,73.071648,1,1,38.175392,85.758965,57.641201,1,1,1,0
10.422579,50.170223,1,0,44.064556,52.820469,85.758965,1,1,1,0
54.444946,64.024391,1,0,44.064556,53.92844,52.820469,1,1,0,0
.34044981,51.700485,1,1,45.584538,73.071648,53.92844,1,1,0,0
32.387264,29.336231,1,0,52.009995,50.170223,73.071648,1,1,1,0
3.4009666,52.109646,1,0,44.875332,64.024391,50.170223,1,1,1,0
-21.69112,37.673855,0,1,44.875332,51.700485,64.024391,1,1,0,0
6.3863068,,1,0,42.215866,29.336231,51.700485,0,1,0,0
-18.880957,,0,0,39.932911,52.109646,29.336231,1,0,1,0
100,93.210884,1,1,88.89785,,,,,0,1
90.077164,100,1,1,93.341377,100,,1,,1,1
88.286385,100,1,1,84.025337,95.038582,100,1,1,1,0
100,100,1,1,84.025337,93.210884,95.038582,1,1,0,0
100,100,1,1,89.42524,100,93.210884,1,1,0,0
100,100,1,1,82.177177,100,100,1,1,1,0
100,100,1,1,95.996933,100,100,1,1,1,1
100,100,1,1,97.034081,100,100,1,1,0,1
100,100,1,1,95.702499,100,100,1,1,1,1
100,95.566971,1,1,0,100,100,1,1,0,1
100,100,1,1,0,100,100,1,1,0,1
91.133942,91.806435,1,1,0,100,100,1,1,1,0
100,100,1,1,0,95.566971,100,1,1,1,0
83.612869,65.455299,1,1,0,100,95.566971,1,1,0,0
100,88.404915,1,1,36.342232,91.806435,100,1,1,0,1
38.676842,58.088165,1,1,0,100,91.806435,1,1,1,1
76.809837,100,1,1,0,65.455299,100,1,1,1,0
19.407478,31.759304,1,1,0,88.404915,65.455299,1,1,0,0
100,64.198807,1,1,19.62682,58.088165,88.404915,1,1,0,0
-13.29512,39.05801,0,1,49.563156,100,58.088165,1,1,1,1
28.397617,46.0896,1,1,48.092247,31.759304,100,0,1,1,0
-21.883976,0,0,1,48.092247,64.198807,31.759304,1,0,0,0
-7.8207998,31.204849,0,1,37.423283,39.05801,64.198807,0,1,0,0
-100,27.387894,0,0,39.067142,46.0896,39.05801,0,0,1,0
-37.590302,31.594013,0,0,40.768063,0,46.0896,0,0,1,0
-43.646706,0,0,0,40.768063,31.204849,0,0,0,0,0
-34.285881,34.865391,0,0,44.0811,27.387894,31.204849,0,0,0,0
-84.579422,38.564953,0,0,40.698097,31.594013,27.387894,0,0,1,0
-22.87009,,0,0,39.760101,34.865391,0,0,0,0,0
16.39361,57.51704,1,0,59.237583,,,,,1,1
20.9977,61.550903,1,0,58.09576,58.095066,,1,,1,1
15.034077,60.508259,1,0,58.09576,60.498852,58.095066,1,1,0,1
23.101803,60.609394,1,0,56.691277,57.51704,60.498852,1,1,0,0
21.218792,70.768593,1,1,45.064472,60.508259,61.550903,1,1,1,0
36.512959,63.828995,1,1,45.064472,60.609394,60.508259,1,1,0,0
41.537193,65.913124,1,0,69.932465,68.256477,60.609394,1,1,0,1
27.657986,70.252419,1,0,73.39949,70.768593,68.256477,1,1,1,1
40.504837,68.664742,1,1,74.031052,65.913124,63.828995,1,1,0,1
33.115101,60.446041,1,0,53.910118,65.895676,68.664742,1,1,0,0
22.885048,55.593372,1,0,50.663219,66.557549,65.895676,1,1,0,0
20.892084,60.556721,1,0,52.108646,61.442524,66.557549,1,1,1,1
11.190737,45.994846,1,0,56.150894,60.446041,61.442524,1,1,1,1
21.113443,62.112457,1,0,56.150894,55.593372,60.446041,1,1,0,1
-8.0103035,45.488346,0,1,29.235592,60.556721,55.593372,1,1,0,0
25.104401,49.378109,1,1,28.88855,45.994846,60.556721,0,1,1,0
-9.0233088,47.809898,0,0,55.269188,62.112457,45.994846,1,0,1,1
-3.8534164,47.428493,0,0,47.182854,49.378109,45.488346,0,0,0,0
3.5186915,46.317513,1,1,37.891964,47.809898,49.378109,0,0,1,0
-5.1101089,45.91806,0,0,41.70631,51.759346,47.809898,1,0,1,0
-4.0295362,51.151287,0,0,41.70631,47.428493,51.759346,0,1,0,0
-6.7264199,44.955025,0,0,42.653366,46.317513,47.428493,0,0,0,0
4.1395693,47.018677,1,0,44.035534,45.91806,46.317513,0,0,1,0
-8.6085587,52.652782,0,1,43.20092,51.151287,45.91806,1,0,1,0
-4.5771656,43.046616,0,1,43.20092,44.955025,51.151287,0,1,0,0
8.4691849,,1,0,43.583145,47.018677,44.955025,0,0,0,0
-11.765516,,0,0,49.70438,52.652782,47.018677,1,0,1,0
99.521637,99.998444,1,0,95.936752,,,,,1,1
100,100,1,0,96.708366,99.760818,,1,,1,1
99.996887,100,1,0,96.708366,100,99.760818,1,1,0,1
100,100,1,1,96.051369,99.998444,100,1,1,0,0
100,98.1437,1,0,96.557976,100,99.998444,1,1,1,0
100,98.557564,1,1,91.392754,100,100,1,1,1,0
96.287392,98.89756,1,0,91.392754,100,100,1,1,0,0
99.982872,96.44838,1,0,95.632576,98.89756,98.557564,1,1,1,1
89.044197,99.926407,1,1,95.632576,99.991432,98.89756,1,1,0,1
99.852814,82.205528,1,0,24.144463,96.44838,92.94252,1,1,1,1
64.455345,57.16095,1,0,50.720383,0,99.926407,0,1,0,0
-24.376276,36.688511,0,0,41.107399,57.16095,99.969116,1,1,1,1
23.784763,69.501968,1,0,41.107399,37.811859,57.16095,0,1,0,1
-26.596796,44.420971,0,0,29.609072,61.891235,37.811859,1,0,0,0
40.882553,70.368065,1,0,27.720339,36.688511,61.891235,0,1,1,0
-11.158061,31.807322,0,0,56.169518,69.501968,36.688511,1,0,1,1
40.736126,63.072075,1,1,56.169518,44.420971,69.501968,0,1,0,1
-35.003883,32.517223,0,0,48.157875,70.368065,44.420971,1,0,0,0
27.441463,50.068707,1,0,35.56517,31.807322,70.368065,0,1,1,0
-31.69241,43.995464,0,0,37.5812,63.072075,31.807322,1,0,1,0
3.122148,52.677685,1,0,37.5812,32.517223,63.072075,0,1,0,0
-9.3775272,44.186943,0,0,39.875526,50.068707,32.517223,1,0,0,0
6.9881411,44.100597,1,0,43.960045,43.995464,50.068707,0,1,1,0
-10.213625,42.246868,0,1,40.902153,52.677685,43.995464,1,0,1,0
-9.5655527,27.646318,0,1,40.902153,44.186943,52.677685,0,1,0,0
-15.277776,,0,0,40.902931,44.100597,44.186943,0,0,0,0
-33.831898,,0,0,44.914677,42.246868,44.100597,0,0,1,0
68.206436,66.632721,1,0,72.740654,,,,,0,1
74.260818,85.395828,1,0,76.990974,81.294716,,1,,1,1
33.265438,81.211708,1,1,59.396362,86.667412,81.294716,1,1,1,0
70.791664,86.908691,1,0,59.396362,66.632721,86.667412,1,1,0,0
62.53875,96.682205,1,1,73.65062,85.395828,66.632721,1,1,0,0
74.176025,92.555359,1,0,48.137154,81.211708,85.395828,1,1,1,0
93.838921,94.266388,1,0,88.183159,86.908691,81.211708,1,1,1,1
88.571274,88.53791,1,0,86.942711,92.555359,96.682205,1,1,0,1
90.503464,66.215332,1,0,80.879639,94.266388,92.555359,1,1,1,1
77.075813,99.968925,1,0,71.390091,94.892189,94.266388,1,1,1,1
33.270428,84.735298,1,1,71.390091,88.53791,94.892189,1,1,0,1
69.945869,57.97422,1,0,46.689819,99.968925,66.215332,1,1,1,0
50.957912,56.222694,1,0,43.983841,84.735298,99.968925,1,1,1,0
12.658957,53.49427,1,0,50.519691,57.97422,74.57872,1,1,0,1
-13.30356,44.289043,0,0,63.31575,56.222694,57.97422,1,1,1,1
7.0695548,56.780148,1,1,41.137932,43.119747,56.222694,0,1,1,0
-9.1066446,49.259644,0,0,41.137932,53.49427,43.119747,1,0,0,0
14.545968,58.594154,1,0,33.252537,44.289043,53.49427,0,1,0,0
-.52872598,41.446804,0,0,51.138954,56.780148,44.289043,1,0,1,1
18.093767,59.166779,1,0,41.420021,49.259644,56.780148,0,1,1,0
-17.101252,37.413063,0,1,41.420021,58.594154,49.259644,1,0,0,0
-22.824045,43.940334,0,0,43.349369,59.166779,41.446804,1,0,1,0
-22.537767,32.347099,0,0,37.078457,37.413063,59.166779,0,1,1,0
-10.835102,43.326382,0,0,37.078457,38.309299,37.413063,0,0,0,0
-32.689022,36.044579,0,0,43.831772,43.940334,38.309299,0,0,0,0
-11.973497,42.837875,0,1,37.981956,32.347099,43.940334,0,0,1,0
-25.647125,,0,0,38.224178,43.326382,32.347099,0,0,1,0
-11.983002,,0,0,38.224178,36.044579,43.326382,0,0,0,0
9.195158,49.724285,1,1,48.481823,,,,,1,1
1.5386224,48.443752,1,1,51.913368,51.801743,,1,,1,1
-.55142939,51.836891,0,0,51.913368,50.76931,51.801743,1,1,0,1
3.6737771,59.14592,1,1,46.143497,48.443752,49.724285,0,0,1,0
4.2679667,58.799099,1,1,40.511105,51.836891,48.443752,1,0,1,0
18.630373,62.027615,1,0,40.511105,52.133984,51.836891,1,1,0,0
24.055233,54.812042,1,0,58.506382,58.799099,59.14592,1,1,1,1
9.0552273,49.653316,1,0,56.737549,51.389091,54.812042,1,1,1,1
-.69336891,47.24371,0,0,49.914917,54.463982,54.163338,1,1,0,0
-18.357336,35.482685,0,0,45.212635,49.653316,54.463982,0,1,0,0
-29.034626,50.926857,0,0,64.014511,47.24371,40.821331,0,0,1,1
-3.7439079,53.540112,0,1,64.014511,35.482685,47.24371,0,0,0,1
3.2964916,60.977425,1,1,37.649742,47.616573,35.482685,0,0,0,0
9.4402905,65.124901,1,0,34.769024,50.926857,47.616573,1,0,1,0
24.112432,49.491383,1,0,52.754246,53.540112,50.926857,1,1,1,1
30.249798,74.382088,1,1,52.754246,60.977425,53.540112,1,1,0,1
-.42167604,47.81345,0,0,47.613483,65.124901,60.977425,1,1,0,0
48.790012,62.883343,1,0,39.401245,49.491383,65.124901,0,1,1,0
-4.3730974,42.845623,0,0,43.883595,74.382088,49.491383,1,0,1,0
27.071556,49.156986,1,0,43.883595,47.81345,74.382088,0,1,0,0
-12.607208,35.319736,0,0,44.551144,62.883343,47.81345,1,0,0,0
-.59070587,49.343178,0,1,45.842178,42.845623,62.883343,0,1,1,0
-29.346207,47.034378,0,0,41.374393,49.156986,42.845623,0,0,1,0
-1.3136476,44.220947,0,0,41.374393,35.319736,49.156986,0,0,0,0
-5.9312372,,0,0,39.687073,49.343178,35.319736,0,0,0,0
-11.468607,,0,1,41.168114,47.034378,49.343178,0,0,1,0
7.0974798,43.250317,1,0,48.570354,,,,,1,1
-1.7018139,52.611671,0,1,48.570354,50.988972,,1,,0,1
-4.038486,57.632191,0,0,52.800919,47.617809,50.988972,0,1,0,1
6.9842935,45.235588,1,0,42.158012,43.250317,47.617809,0,0,1,0
16.343525,66.217598,1,0,41.288235,52.611671,43.250317,1,0,1,0
-8.8124666,56.096851,0,0,41.288235,57.632191,52.611671,1,1,0,0
35.011105,68.275818,1,0,42.325512,45.235588,57.632191,0,1,0,0
14.144409,65.909615,1,1,61.50309,66.217598,45.235588,1,0,1,1
38.986469,61.731106,1,0,62.348293,56.096851,66.217598,1,1,1,1
31.819225,50.176228,1,,62.348293,68.275818,56.096851,1,1,0,1
23.46221,45.999603,1,0,58.253979,65.909615,68.275818,1,1,0,1
.35245121,47.462429,1,1,51.959522,61.731106,65.909615,1,1,1,1
-7.0029259,46.97641,0,0,47.831623,50.176228,61.731106,1,1,1,1
-5.0751419,49.015667,0,1,47.831623,45.999603,50.176228,0,1,0,1
-6.0471864,62.032856,0,0,43.82534,47.462429,45.999603,0,0,0,0
-1.968661,62.776894,0,0,39.964886,46.97641,47.462429,0,0,1,0
24.065853,39.107033,1,1,53.613354,49.015667,46.97641,0,0,1,1
25.554436,48.142666,1,0,53.613354,62.032856,49.015667,1,0,0,1
-8.6904526,42.671333,0,0,65.470032,62.776894,62.032856,1,1,0,1
-2.5657415,56.552158,0,0,43.586479,39.107033,62.776894,0,1,1,0
-14.657331,33.83268,0,0,37.359764,48.142666,39.107033,0,0,1,0
17.700413,63.457645,1,0,37.359764,42.671333,48.142666,0,0,0,0
-32.334648,60.686909,0,1,53.035419,56.552158,42.671333,1,0,0,1
26.915287,61.788857,1,0,47.13813,33.83268,56.552158,0,1,1,0
21.373909,70.99881,1,1,47.016392,63.457645,33.83268,1,0,1,0
23.600101,59.098869,1,0,47.016392,60.686909,63.457645,1,1,0,0
42.021351,70.503975,1,0,48.199036,61.788857,60.686909,1,1,0,0
18.202925,63.178093,1,0,49.800911,70.99881,61.788857,1,1,1,0
41.007946,64.768509,1,0,54.254776,59.098869,70.99881,1,1,1,0
26.443863,54.205597,1,0,54.254776,70.503975,59.098869,1,1,0,0
31.062386,62.192982,1,0,56.460941,63.178093,70.503975,1,1,0,0
10.010168,,1,1,55.914246,64.768509,63.178093,1,1,1,0
26.439613,,1,0,61.919342,54.205597,64.768509,1,1,1,0
18.53491,44.587803,1,0,46.963272,,,,,1,1
14.703136,35.410015,1,0,50.670315,47.970039,,1,,1,1
-5.992794,54.775047,0,1,50.670315,55.436237,47.970039,1,1,0,1
-26.160713,52.290909,0,1,44.498013,44.587803,55.436237,0,1,0,0
10.102031,65.608528,1,0,48.462193,35.410015,44.587803,0,0,1,0
4.7518759,67.969604,1,0,35.440559,54.775047,35.410015,1,0,1,0
31.912968,65.370033,1,0,35.440559,52.290909,54.775047,1,1,0,0
36.423012,44.75528,1,1,73.296028,65.608528,52.290909,1,1,0,1
31.460985,55.64555,1,0,66.83326,67.969604,65.608528,1,1,1,1
-10.073447,62.298592,0,0,57.40815,65.370033,67.969604,1,1,1,1
11.621541,54.810776,1,0,57.40815,44.75528,65.370033,0,1,0,1
24.894527,55.84333,1,1,55.567257,55.64555,44.75528,1,0,0,1
9.6215487,55.345051,1,1,62.747036,62.298592,55.64555,1,1,1,1
12.183228,54.844387,1,0,45.410564,54.810776,62.298592,1,1,1,0
10.690108,53.239597,1,0,45.410564,55.84333,54.810776,1,1,0,0
6.908855,46.160954,1,0,40.980015,54.844387,55.345051,1,1,1,1
7.4477673,47.576279,1,0,55.746334,53.239597,54.844387,1,1,1,1
-5.5506468,48.895882,0,0,55.746334,53.723885,53.239597,1,1,0,1
-3.8523674,65.488075,0,1,31.986267,46.160954,53.723885,0,1,0,0
-.48433244,43.547813,0,0,23.997185,47.576279,46.160954,0,0,1,0
32.6273,75.640961,1,1,48.747219,48.895882,47.576279,0,0,1,1
-9.9216614,44.785191,0,1,48.747219,65.488075,48.895882,1,0,0,1
52.21418,83.175316,1,0,34.967659,43.547813,65.488075,0,1,0,0
-10.429621,38.190762,0,0,30.667147,75.640961,43.547813,1,0,1,0
66.350624,40.076237,1,0,41.281654,44.785191,75.640961,0,1,1,0
-20.358572,31.277647,0,0,41.281654,83.175316,44.785191,1,0,0,0
-16.603809,36.309925,0,0,34.024734,38.190762,83.175316,0,1,0,0
-35.102879,41.244888,0,0,40.449135,40.076237,38.190762,0,0,1,0
-20.992241,39.183884,0,0,38.426907,31.277647,40.076237,0,0,1,0
-11.520439,26.133188,0,1,38.426907,36.309925,31.277647,0,0,0,0
-17.495966,,0,0,34.429596,41.244888,36.309925,0,0,0,0
-44.503517,,0,0,34.354919,39.183884,41.244888,0,0,1,0
9.6730118,68.032349,1,1,52.800148,,,,,0,1
24.348965,57.310287,1,1,56.313602,54.423176,,1,,1,1
36.064693,59.323345,1,0,48.257156,62.17448,54.423176,1,1,1,0
18.646694,63.394905,1,0,52.931267,57.310287,68.032349,1,1,0,0
27.582281,70.804092,1,0,66.484138,71.324875,59.323345,1,1,1,1
41.616337,66.596863,1,0,68.845306,76.408737,63.394905,1,1,0,1
47.364628,65.32502,1,0,67.250481,70.804092,76.408737,1,1,1,1
40.426594,74.186333,1,0,60.448765,68.881409,70.804092,1,1,1,1
31.877958,69.959732,1,1,60.448765,66.596863,68.881409,1,1,0,1
53.311054,79.001961,1,1,49.138718,65.32502,66.596863,1,1,0,1
39.91946,71.74971,1,0,49.712341,74.186333,65.32502,1,1,1,0
59.988396,53.62146,1,0,48.595387,69.959732,74.186333,1,1,1,0
7.2430134,47.387291,1,0,45.775242,71.74971,79.001961,1,1,0,1
-11.444571,37.84581,0,1,55.508869,53.62146,71.74971,1,1,1,1
-3.900218,52.455021,0,0,28.129763,44.27454,53.62146,0,1,1,0
-23.702217,40.29306,0,0,28.129763,47.387291,44.27454,0,0,0,0
5.4431915,61.924297,1,0,29.745117,37.84581,47.387291,0,0,0,0
-15.246373,60.714085,0,0,55.940746,52.455021,37.84581,1,0,1,1
23.850975,65.088913,1,0,48.407688,40.29306,52.455021,0,1,1,0
26.91588,67.72332,1,1,48.407688,61.924297,40.29306,1,0,0,0
30.566221,42.094555,1,0,41.572224,60.714085,61.924297,1,1,0,0
-14.257177,32.207188,0,0,47.084793,67.72332,65.088913,1,1,1,0
-24.547466,44.34277,0,0,47.084793,42.094555,67.72332,0,1,0,0
-32.888504,47.989227,0,0,47.998711,36.82185,42.094555,0,0,0,0
-9.9319849,31.644014,0,1,47.284897,32.207188,36.82185,0,0,1,0
-2.7231872,,0,1,42.525291,44.34277,32.207188,0,0,1,0
-33.50021,,0,0,42.525291,47.989227,44.34277,0,0,0,0
-1.9666016,51.146107,0,0,42.086048,,,,,0,1
-8.1317158,47.72229,0,1,48.469814,48.169128,,0,,1,1
3.5512388,49.182026,1,0,43.297565,45.402588,48.169128,0,0,1,0
-3.1945527,61.908001,0,1,43.297565,51.146107,45.402588,1,0,0,0
-1.4936388,55.136776,0,0,44.072083,47.72229,51.146107,0,1,0,0
24.049736,59.084648,1,1,41.03978,49.182026,47.72229,0,0,1,0
10.735756,56.326042,1,0,54.468697,61.908001,49.182026,1,0,1,1
12.65209,50.325554,1,1,60.560501,59.084648,55.136776,1,1,0,1
-10.729721,56.991863,0,0,57.098919,56.326042,59.084648,1,1,1,1
.65110922,53.620064,1,0,54.888092,44.635139,56.326042,0,1,1,1
13.983727,54.820007,1,0,54.888092,50.325554,44.635139,1,0,0,1
18.385777,67.66835,1,0,45.921974,54.820007,53.620064,1,1,1,0
10.67498,59.510483,1,0,45.921974,59.19289,54.820007,1,1,0,0
35.336697,77.636253,1,0,52.732872,55.337368,59.19289,1,1,0,1
19.020962,66.450226,1,0,67.936852,67.66835,55.337368,1,1,1,1
55.272507,100,1,0,49.600639,59.510483,67.66835,1,1,1,0
32.900452,50.478058,1,0,49.600639,77.636253,59.510483,1,1,0,0
100,68.487602,1,0,36.38974,66.450226,77.636253,1,1,0,0
.95611513,51.817608,1,0,58.069523,100,66.450226,1,1,1,1
37.724167,64.767937,1,0,49.810837,50.478058,100,1,1,1,0
4.0920076,68.323174,1,1,49.810837,68.487602,50.478058,1,1,0,0
29.535875,69.011673,1,0,44.597836,51.817608,68.487602,1,1,0,0
36.646343,76.647964,1,0,52.198112,64.767937,51.817608,1,1,1,0
38.023357,77.75193,1,0,48.408802,68.323174,64.767937,1,1,1,0
53.295921,63.111351,1,0,48.408802,69.011673,68.323174,1,1,0,0
57.59623,64.424072,1,0,51.505596,76.647964,69.011673,1,1,0,0
26.22271,63.727028,1,0,45.592667,77.75193,76.647964,1,1,1,0
27.470997,,1,0,43.199711,64.424072,63.111351,1,1,0,0
25.419394,44.832619,1,0,43.585091,,,,,1,1
15.97369,65.032745,1,1,43.585091,53.236492,,1,,0,1
-10.334757,58.337696,0,0,57.170929,55.367798,53.236492,1,1,0,1
30.065489,54.24744,1,0,44.388691,44.832619,55.367798,0,1,1,0
16.675388,66.667862,1,0,35.471397,65.032745,44.832619,1,0,1,0
8.4948778,72.02726,1,0,35.471397,58.337696,65.032745,1,1,0,0
34.606098,76.521851,1,0,42.230476,54.24744,58.337696,1,1,0,0
46.393742,71.611008,1,0,67.030296,66.667862,54.24744,1,1,1,1
53.043701,69.367867,1,0,69.845284,72.02726,66.667862,1,1,1,1
43.630539,69.18074,1,1,69.845284,76.521851,72.02726,1,1,0,1
38.735737,62.804443,1,0,63.494827,71.611008,76.521851,1,1,0,1
39.051437,48.693672,1,0,58.797974,69.367867,71.611008,1,1,1,1
25.608885,61.386532,1,0,53.794373,69.18074,69.367867,1,1,1,1
-2.6126533,43.944107,0,0,53.794373,62.804443,69.18074,1,1,0,1
22.77306,54.940498,1,0,41.65023,48.693672,62.804443,0,1,0,0
-12.111792,48.572914,0,0,38.900932,61.386532,48.693672,1,0,1,0
9.8809986,42.783653,1,0,44.362606,43.944107,61.386532,0,1,1,1
-2.8541684,44.020046,0,1,44.362606,54.940498,43.944107,1,0,0,1
-14.432693,41.737602,0,1,49.452545,48.572914,54.940498,0,1,0,1
-11.959902,54.010876,0,0,35.017742,42.783653,48.572914,0,0,1,0
-16.524796,48.38179,0,0,30.380791,44.020046,42.783653,0,0,1,0
10.67147,56.910973,1,1,30.380791,41.737602,44.020046,0,0,0,0
-1.0751069,39.512886,0,1,39.79998,54.010876,41.737602,1,0,0,1
16.60775,56.709393,1,0,28.244682,48.38179,54.010876,0,1,1,0
-20.961943,31.570541,0,1,32.542645,56.910973,48.38179,1,0,1,0
15.657952,39.543007,1,1,32.542645,39.512886,56.910973,0,1,0,0
-24.24469,27.161694,0,0,38.743874,56.709393,39.512886,1,0,0,0
-14.162689,0,0,1,36.520451,31.570541,56.709393,0,1,1,0
-41.583073,20.62047,0,0,46.517067,39.543007,31.570541,0,0,1,0
-79.322525,43.499397,0,0,46.517067,27.161694,39.543007,0,0,0,0
-56.118565,34.651245,0,0,44.734585,0,27.161694,0,0,0,0
-9.8414183,,0,0,44.396832,20.62047,0,0,0,1,0
-24.208828,,0,0,45.11525,43.499397,20.62047,0,0,1,0
1.306805,39.307102,1,0,42.831467,,,,,1,1
-1.5522867,43.894913,0,0,60.778599,40.296902,,1,,1,1
-6.2979102,55.848957,0,0,35.89024,39.307102,47.93618,0,0,0,0
13.197226,63.450371,1,1,34.031757,46.409718,43.894913,0,0,1,0
6.4163446,58.242268,1,0,34.031757,55.848957,46.409718,1,0,0,0
28.202707,50.23418,1,1,54.895233,51.912849,55.848957,1,1,0,1
1.0477692,66.791801,1,0,48.401123,58.242268,63.450371,1,1,1,1
-12.826768,46.746605,0,,,50.23418,58.242268,1,1,0,1
34.43301,48.676548,1,0,,43.586617,50.23418,0,1,0,1
-6.5067887,50.21743,0,0,51.876713,66.791801,43.586617,1,0,1,1
-2.6469083,46.01963,0,1,38.962521,46.746605,66.791801,0,1,1,0
.43486655,45.57645,1,1,38.962521,48.676548,46.746605,0,0,0,0
-7.5002103,41.931709,0,0,39.81411,50.21743,48.676548,1,0,0,0
-7.9989343,41.447369,0,0,44.907959,46.01963,50.21743,0,1,1,1
-16.084286,49.405945,0,0,61.265533,45.57645,46.01963,0,0,1,1
-17.105261,57.232521,0,0,61.265533,41.931709,45.57645,0,0,0,1
1.0353178,40.315815,1,0,41.318344,41.447369,41.931709,0,0,0,0
17.737082,50.334995,1,0,34.593304,49.405945,41.447369,1,0,1,0
-18.354269,34.621967,0,0,42.580528,57.232521,49.405945,1,1,1,1
1.6371399,49.915855,1,1,42.580528,40.315815,57.232521,0,1,0,1
-29.626392,41.655716,0,0,31.067911,50.334995,40.315815,1,0,0,0
1.5515447,51.77676,1,1,35.122898,34.621967,50.334995,0,1,1,0
-14.020911,46.107437,0,1,45.282406,49.915855,34.621967,1,0,1,0
-4.9485893,45.769241,0,1,40.128029,51.77676,41.655716,1,0,0,0
-27.471849,51.30061,0,0,44.426437,46.107437,51.77676,0,1,1,0
-4.438868,52.795929,0,0,42.393509,35.016708,46.107437,0,0,1,0
10.304231,,1,1,47.022388,51.30061,45.769241,1,0,0,0
1.6283482,,1,0,53.660439,52.795929,51.30061,1,1,1,0
-34.4263,20.063057,0,0,52.04026,38.139336,,0,,1,1
-8.1652403,24.99221,0,0,52.04026,32.78685,38.139336,0,0,0,1
-59.432793,27.583525,0,0,34.344215,45.917381,32.78685,0,0,0,0
-44.832954,36.641777,0,0,34.925201,24.99221,20.063057,0,0,1,0
13.399371,54.660023,1,0,34.925201,27.583525,24.99221,0,0,0,0
9.7828417,51.127373,1,1,62.969959,36.641777,55.672646,0,1,1,1
2.2547483,38.318512,1,1,54.375164,48.467072,54.660023,0,1,0,1
-23.362974,56.200714,0,0,49.982307,49.956112,51.127373,1,1,1,1
-25.674889,47.740467,0,0,34.417961,38.318512,49.956112,0,1,1,0
17.45812,54.739052,1,0,34.417961,37.162556,38.318512,0,0,0,0
9.4781036,60.262753,1,0,46.215012,47.740467,56.200714,0,1,1,1
-10.767022,45.51424,0,0,50.916828,54.739052,47.740467,1,0,1,1
20.525503,56.071735,1,0,50.916828,44.616489,54.739052,0,1,0,1
-6.7476959,31.612045,0,1,30.658728,60.262753,44.616489,1,0,0,0
13.934099,48.775269,1,0,26.041067,45.51424,60.262753,0,1,1,0
-36.775909,25.99688,0,0,37.118546,56.071735,45.51424,1,0,1,1
-.96941292,48.443554,0,1,37.118546,31.612045,56.071735,0,1,0,1
-46.188274,38.70879,0,0,25.190718,48.775269,31.612045,0,0,0,0
-3.1128912,43.476334,0,0,26.392212,25.99688,48.775269,0,0,1,0
-22.582424,39.905235,0,1,36.010639,48.443554,25.99688,0,0,1,0
-13.047329,28.393015,0,1,36.010639,38.70879,48.443554,0,0,0,0
-17.116722,32.548515,0,0,28.417561,43.476334,38.70879,0,0,0,0
-41.1427,0,0,1,33.64584,39.905235,43.476334,0,0,1,0
-32.613377,34.105122,0,0,27.637798,28.393015,39.905235,0,0,1,0
-99.179253,24.927591,0,0,27.637798,32.548515,28.393015,0,0,0,0
-23.549271,,0,1,30.261326,0,32.548515,0,0,0,0
-46.24741,,0,0,36.095947,34.105122,0,0,0,1,0
7.654953,55.400276,1,0,35.049091,,,,,0,1
5.2765965,52.795143,1,0,56.797131,51.055897,,1,,1,1
11.770946,53.200062,1,1,32.13306,41.066887,51.055897,1,1,1,0
10.405848,60.327766,1,0,32.13306,55.400276,41.066887,1,1,0,0
6.4001203,70.13987,1,0,19.382032,52.795143,55.400276,1,1,0,0
41.401394,73.434738,1,0,58.805943,60.327766,53.200062,1,1,1,1
27.87431,49.071045,1,0,58.805943,70.13987,60.327766,1,1,0,1
46.869469,45.378502,1,0,69.279221,54.984154,70.13987,1,1,0,1
.71079135,56.647648,1,0,58.779293,73.434738,54.984154,1,1,1,1
-8.0943079,50.747437,0,1,54.283993,49.071045,73.434738,1,1,1,1
13.907051,50.379856,1,0,54.283993,45.378502,49.071045,0,1,0,1
2.1917911,76.219154,1,0,53.092228,56.647648,45.378502,1,0,0,1
.75971186,50.732071,1,0,40.07478,50.747437,56.647648,1,1,1,0
52.438309,64.513054,1,0,42.8652,50.379856,50.747437,1,1,1,0
1.4641434,53.168785,1,1,42.8652,76.219154,50.379856,1,1,0,0
29.026106,60.540043,1,0,48.595535,50.732071,76.219154,1,1,0,1
6.3375711,51.951736,1,0,58.948128,64.513054,50.732071,1,1,1,1
21.08009,64.157791,1,0,41.587223,53.168785,64.513054,1,1,1,0
28.315577,54.463314,1,1,37.845047,51.951736,60.540043,1,1,0,0
11.378681,56.89072,1,1,45.404186,64.157791,51.951736,1,1,1,1
12.792548,48.133354,1,0,32.430649,55.689342,64.157791,1,1,1,0
16.192854,68.129807,1,0,32.430649,54.463314,55.689342,1,1,0,0
-3.7332921,37.62603,0,0,38.176582,56.89072,54.463314,1,1,0,0
38.745083,49.555817,1,0,46.198524,48.133354,56.89072,0,1,1,0
-24.741659,47.237495,0,0,37.628559,68.129807,48.133354,1,0,1,0
4.8649044,62.735004,1,0,37.628559,37.62603,68.129807,0,1,0,0
-3.3168049,49.161755,0,0,41.232033,49.555817,37.62603,1,0,0,0
31.004757,72.915977,1,0,33.364235,47.237495,49.555817,0,1,1,0
.87624788,,1,0,38.564087,62.735004,47.237495,1,0,1,0
45.831955,,1,0,38.564087,49.161755,62.735004,1,1,0,0
6.5278201,62.824894,1,0,39.701714,37.455372,,1,,0,1
-4.1856556,42.479038,0,0,53.358948,38.811188,37.455372,1,1,0,1
25.649786,59.263874,1,0,36.224903,37.926132,38.811188,0,1,1,0
-13.304102,52.058197,0,0,21.949408,62.824894,37.926132,1,0,1,0
18.527742,64.509415,1,0,21.949408,42.479038,62.824894,0,1,0,0
4.1163893,58.957924,1,0,43.464848,59.263874,42.479038,1,0,0,0
17.915844,58.375149,1,0,72.808334,64.509415,52.058197,1,1,1,1
16.750299,58.011402,1,0,60.076355,60.477631,58.957924,1,1,0,1
-10.422209,48.321617,0,1,54.62072,58.375149,60.477631,1,1,1,1
-3.3567667,57.676464,0,0,50.373493,58.011402,44.788895,1,0,0,1
5.1510005,65.275948,1,0,38.554569,48.321617,58.011402,0,1,0,0
15.352932,50.017826,1,0,42.03167,52.5755,48.321617,1,0,1,0
30.551899,54.765869,1,0,51.162052,57.676464,52.5755,1,1,1,1
.035655499,57.649155,1,0,51.162052,65.275948,57.676464,1,1,0,1
16.477859,63.023567,1,0,39.293728,54.765869,50.017826,1,1,1,0
-.36819875,37.298737,0,1,36.319221,57.649155,54.765869,1,1,1,0
31.599171,47.721657,1,0,36.319221,46.603886,57.649155,0,1,0,0
-21.320387,49.9958,0,1,45.809807,63.023567,46.603886,1,0,0,1
-2.3532181,50.206924,0,0,26.893923,37.298737,63.023567,0,1,1,0
5.4781408,51.049934,1,1,31.972637,47.721657,37.298737,0,0,1,0
4.0646496,50.930016,1,0,31.972637,49.9958,47.721657,1,0,0,0
10.836542,47.878567,1,0,37.917885,50.206924,49.9958,1,1,0,0
9.9293079,39.693459,1,0,37.357552,51.049934,50.206924,1,1,1,0
.098213553,61.081909,1,0,43.933495,50.930016,51.049934,1,1,1,0
-15.398088,40.989956,0,1,43.933495,47.878567,50.930016,1,1,0,0
25.94412,50.288742,1,0,45.975666,39.693459,47.878567,0,1,0,0
5.7421355,,1,0,55.146675,40.989956,61.081909,0,1,1,0
5.2697001,55.171574,1,1,41.873093,,,,,0,1
2.4313064,58.622761,1,0,44.277458,55.171574,47.482197,1,0,0,0
-15.388984,49.350067,0,1,43.022243,49.85614,55.171574,1,1,0,0
23.449186,59.157051,1,0,62.753422,49.350067,58.622761,0,1,0,1
11.893129,51.507332,1,0,62.651974,61.702168,49.350067,1,0,0,1
18.314098,57.224632,1,0,56.586655,55.946564,61.702168,1,1,1,1
3.0146599,51.12114,1,0,53.496353,59.157051,55.946564,1,1,1,1
14.821884,57.272839,1,1,53.496353,51.507332,59.157051,1,1,0,1
2.2422819,62.706139,1,0,56.328381,57.224632,51.507332,1,1,0,1
14.545679,63.434826,1,0,44.230358,51.12114,57.224632,1,1,1,0
26.869652,53.14048,1,0,41.783039,62.706139,57.272839,1,1,0,0
9.4075289,52.259617,1,1,50.152199,63.434826,62.706139,1,1,0,1
6.2809587,45.974533,1,0,59.040577,54.703766,63.434826,1,1,1,1
4.5192361,42.701714,1,0,39.745968,53.14048,54.703766,1,1,1,0
-8.05093,46.595551,0,1,39.745968,52.259617,53.14048,1,1,0,0
-14.11407,53.773869,0,0,36.556797,45.974533,52.259617,0,1,0,0
-6.8089008,43.875019,0,0,48.284405,42.701714,45.974533,0,0,1,1
7.5477362,63.307961,1,1,36.784828,46.595551,42.701714,0,0,1,0
-12.248248,27.039253,0,0,36.784828,53.773869,46.595551,1,0,0,0
26.622993,53.970455,1,0,39.226433,43.875019,53.773869,0,1,0,0
-45.874065,29.784294,0,0,46.902569,63.307961,43.875019,1,0,1,0
7.9802065,61.701096,1,0,45.898846,27.039253,63.307961,0,1,1,0
-34.941586,34.973103,0,0,45.898846,53.970455,27.039253,1,0,0,0
23.447142,70.605141,1,0,49.183201,29.784294,53.970455,0,1,0,0
-30.053795,61.327995,0,0,47.908554,61.701096,29.784294,1,0,1,0
41.274555,,1,0,49.04668,34.973103,61.701096,0,1,1,0
22.655985,,1,1,49.04668,70.605141,34.973103,1,0,0,0
-2.7514696,38.585472,0,0,32.578026,,,,,1,1
16.98896,48.62402,1,0,32.578026,46.331955,,0,,0,1
-18.021637,37.569557,0,0,58.783054,56.915653,46.331955,1,0,0,1
.4643172,55.516876,1,0,38.839592,38.585472,56.915653,0,1,1,0
-23.942745,56.663368,0,0,29.89732,48.62402,38.585472,1,0,1,0
11.602386,53.061527,1,0,29.89732,37.569557,48.62402,0,1,0,0
14.948961,55.801315,1,0,45.891651,55.516876,37.569557,1,0,0,0
7.6203585,62.845654,1,0,56.593227,56.663368,55.516876,1,1,1,1
11.602629,59.911388,1,0,69.341286,53.061527,56.663368,1,1,1,1
25.691307,48.762657,1,1,69.341286,55.801315,53.061527,1,1,0,1
19.822779,45.831947,1,0,62.231438,62.845654,55.801315,1,1,0,1
-2.4746804,45.744007,0,0,60.455727,59.911388,62.845654,1,1,1,1
-8.0279083,46.043812,0,0,53.98037,48.762657,59.911388,0,1,1,1
-8.5119839,38.730774,0,0,53.98037,45.831947,48.762657,0,0,0,1
-7.9123826,47.629009,0,0,41.074909,45.744007,45.831947,0,0,0,0
3.8982391,57.330441,1,0,35.438854,46.043812,45.744007,0,0,1,0
-4.7419815,45.834824,0,0,45.16785,38.730774,46.043812,1,0,1,1
14.660883,56.15958,1,0,45.16785,47.629009,38.730774,0,1,0,1
-7.8487902,44.070019,0,0,54.713726,57.330441,47.629009,1,0,0,1
13.679558,42.89304,1,0,37.074505,45.834824,57.330441,0,1,1,0
-5.9247522,25.48452,0,1,26.392963,56.15958,45.834824,1,0,1,0
-12.693352,41.349129,0,1,26.392963,44.070019,56.15958,0,1,0,0
-48.16119,26.550236,0,1,33.648178,42.89304,44.070019,0,0,0,1
-16.927216,31.740808,0,0,20.566282,25.48452,42.89304,0,0,1,0
-45.75499,39.714745,0,0,24.675219,41.349129,25.48452,0,0,1,0
-35.386967,29.140776,0,0,24.675219,26.550236,41.349129,0,0,0,0
-15.668329,32.9701,0,1,32.046432,31.740808,26.550236,0,0,0,0
-41.718449,31.514582,0,1,24.654469,39.714745,31.740808,0,0,1,0
-31.011761,28.402721,0,0,33.296776,29.140776,39.714745,0,0,1,0
-34.069462,31.064924,0,0,33.296776,32.9701,29.140776,0,0,0,0
-40.328453,32.766724,0,0,26.344723,31.514582,32.9701,0,0,0,0
-31.295994,,0,0,25.995642,28.402721,31.514582,0,0,1,0
-28.792309,,0,1,34.405746,31.064924,28.402721,0,0,1,0
5.9944897,57.301838,1,0,36.208405,,,,,0,1
-15.533817,44.816849,0,0,54.668053,51.467342,,1,,1,1
14.603678,53.49511,1,0,31.862888,42.233093,51.467342,0,1,1,0
-18.091631,53.82642,0,0,35.370316,53.49511,44.816849,1,0,1,0
13.666784,58.735008,1,0,56.073509,40.954185,53.49511,0,1,1,1
8.4215193,45.405258,1,0,56.073509,56.622398,40.954185,1,0,0,1
17.470011,56.209766,1,0,60.57534,53.82642,56.622398,1,1,0,1
-9.1894865,57.107807,0,0,52.821629,58.735008,53.82642,1,1,1,1
12.419534,48.364681,1,0,48.765545,45.405258,58.735008,0,1,1,1
-3.270638,50.837879,0,0,51.618439,57.107807,56.209766,1,1,0,1
3.0627489,43.628292,1,0,37.085403,48.364681,57.107807,0,1,1,0
1.6757607,53.98814,1,0,39.922012,51.531376,48.364681,1,0,1,0
7.9762816,55.779922,1,0,44.985153,43.628292,50.837879,0,1,0,1
-3.5920115,28.68576,0,1,56.558479,53.98814,43.628292,1,0,1,1
11.559847,45.413471,1,0,35.511967,48.203995,53.98814,0,1,1,0
-42.628479,37.833298,0,0,35.511967,55.779922,48.203995,1,0,0,0
-9.1730595,43.343243,0,0,30.471939,28.68576,55.779922,0,1,0,0
-24.333405,21.682949,0,1,39.809265,45.413471,28.68576,0,0,1,1
-13.313517,49.634735,0,0,27.970213,37.833298,45.413471,0,0,1,0
-56.634106,36.063744,0,0,27.970213,43.343243,37.833298,0,0,0,0
-.73052943,39.307423,0,0,28.242878,21.682949,43.343243,0,0,0,0
-27.872515,42.213505,0,0,38.013378,49.634735,21.682949,0,0,1,0
-19.566208,22.038387,0,1,33.978405,36.063744,49.634735,0,0,1,0
-11.850178,27.046049,0,1,33.978405,39.307423,36.063744,0,0,0,0
-51.734306,29.860306,0,0,36.835861,42.213505,39.307423,0,0,0,0
-45.907902,24.257639,0,0,27.698978,22.038387,42.213505,0,0,1,0
-51.377094,,0,0,29.074717,29.860306,27.046049,0,0,0,0
-8.1377478,40.664543,0,1,41.812305,,,,,1,1
-31.543985,23.758307,0,1,41.812305,31.588974,,0,,0,1
-8.3451061,36.878796,0,0,46.628571,29.528692,31.588974,0,0,0,1
-38.396202,18.222464,0,0,24.280483,40.664543,29.528692,0,0,1,0
-26.230446,43.387119,0,0,8.2309542,23.758307,40.664543,0,0,1,0
-55.877419,0,0,0,8.2309542,36.878796,23.758307,0,0,0,0
-94.542435,0,0,0,58.440472,43.387119,18.222464,1,0,1,1
-55.345894,52.285404,0,1,66.966545,0,43.387119,0,1,1,1
-9.8848076,0,0,0,56.479256,52.285404,0,1,0,1,1
-87.669914,57.012016,0,0,47.572197,40.759052,44.219604,0,0,0,1
-8.3391724,43.428822,0,0,42.72702,0,40.759052,0,0,0,0
-12.883324,51.817955,0,0,49.551376,57.012016,45.618408,1,0,1,1
4.9448195,60.5336,1,1,59.11203,48.452126,43.428822,0,0,0,1
9.5336704,46.878162,1,0,44.739418,51.817955,48.452126,1,0,1,0
24.305702,56.505646,1,0,41.538055,53.858185,51.817955,1,1,1,0
-3.2936602,44.775997,0,0,41.538055,60.5336,53.858185,1,1,0,0
19.357672,49.289597,1,1,47.568691,46.878162,60.5336,0,1,0,1
-6.7593427,44.000717,0,1,35.915737,56.505646,46.878162,1,0,1,0
1.4174312,47.90379,1,0,41.267776,44.775997,56.505646,0,1,1,0
4.9009204,53.057487,1,1,47.559444,44.000717,49.289597,0,1,0,0
1.9042194,55.842789,1,0,46.006588,47.90379,44.000717,1,0,1,0
10.046408,55.226368,1,0,51.098789,46.736084,47.90379,1,1,1,0
19.255867,59.431053,1,0,51.098789,53.057487,46.736084,1,1,0,0
19.05373,52.182102,1,0,53.44957,55.842789,53.057487,1,1,0,0
24.41577,,1,0,54.303379,55.226368,55.842789,1,1,1,0
10.007652,,1,0,61.012638,59.431053,55.226368,1,1,1,0
9.5492306,43.530849,1,0,34.343258,,,,,1,1
-11.876795,24.674948,0,1,45.896046,45.503704,,1,,1,1
-7.2050004,36.343925,0,0,45.896046,42.29459,45.503704,0,1,0,1
-41.288055,27.93346,0,0,33.547848,43.530849,42.29459,0,0,0,0
-3.4448087,38.862034,0,1,24.183928,24.674948,43.530849,0,0,1,0
-30.122774,48.318878,0,0,34.138374,36.343925,24.674948,0,0,1,0
-1.3736159,22.944056,0,0,57.99876,38.862034,27.93346,0,0,0,1
-9.7188206,39.288414,0,1,64.424988,48.318878,38.862034,0,0,1,1
-21.423172,23.195719,0,1,53.702206,22.944056,45.139782,0,0,0,1
-20.061375,50.216312,0,0,51.783096,39.288414,22.944056,0,0,0,1
8.3910789,54.153545,1,0,38.928925,50.216312,23.195719,1,0,0,0
9.2274513,48.225063,1,0,44.753311,54.195541,50.216312,1,1,0,0
8.3463612,49.777622,1,0,47.319641,54.606514,54.195541,1,1,1,1
-3.5057902,46.157772,0,1,63.717896,54.153545,54.606514,1,1,1,1
-.42301714,44.840385,0,0,63.717896,48.225063,54.153545,0,1,0,1
-7.5621786,38.275532,0,1,43.784328,49.777622,48.225063,0,0,0,0
-10.088674,44.012772,0,0,42.325737,46.157772,49.777622,0,0,1,0
-23.366365,33.432972,0,0,47.950592,44.840385,46.157772,0,0,1,1
-8.0953512,36.039825,0,1,47.950592,38.275532,44.840385,0,0,0,1
-33.096104,46.189735,0,0,38.669811,44.012772,38.275532,0,0,0,0
-26.912918,46.499683,0,0,43.739681,33.432972,44.012772,0,0,1,0
-7.4916182,45.901794,0,0,51.272781,36.039825,33.432972,0,0,1,0
-3.8938999,39.606194,0,1,42.478855,46.499683,46.189735,0,0,0,0
27.258945,63.392097,1,0,47.15197,45.901794,46.499683,0,0,1,0
-16.602394,48.904671,0,0,46.959389,61.053623,45.901794,1,0,1,0
31.646065,57.22403,1,0,46.959389,39.606194,61.053623,0,1,0,0
3.3512235,,1,0,51.348663,63.392097,39.606194,1,0,0,0
17.975193,,1,0,56.748806,48.904671,63.392097,1,1,1,0
-11.22165,17.795284,0,0,26.902189,,,,,1,1
-18.332424,44.243355,0,0,26.902189,26.567789,,0,,0,1
-38.605904,46.516106,0,0,48.13409,37.05999,26.567789,0,0,0,1
1.2959927,53.415306,1,0,21.14295,17.795284,37.05999,0,0,1,0
6.9666357,60.924767,1,0,10.164127,46.516106,44.243355,0,1,0,0
27.906191,62.62262,1,0,31.35183,53.415306,46.516106,1,0,0,0
10.691458,53.400654,1,1,58.216904,54.156857,62.62262,1,1,0,1
-9.1110344,56.226341,0,1,56.844341,55.131676,54.156857,1,1,1,1
7.4189396,61.090237,1,0,52.611488,45.231564,55.131676,0,1,1,1
12.69477,67.32354,1,0,52.611488,53.400654,45.231564,1,0,0,1
22.180471,52.093922,1,0,44.694061,56.226341,53.400654,1,1,0,0
35.945091,72.208282,1,0,45.443306,61.090237,56.226341,1,1,1,0
4.7879128,64.412811,1,0,48.269291,67.32354,61.090237,1,1,1,1
44.416561,82.431503,1,0,48.269291,52.093922,67.32354,1,1,0,1
29.148108,60.70475,1,0,61.960835,72.208282,52.093922,1,1,0,1
66.422043,71.840324,1,0,47.100441,64.412811,72.208282,1,1,1,0
24.625265,45.826557,1,0,38.639912,82.431503,64.412811,1,1,1,0
47.593575,68.956635,1,0,38.639912,60.70475,82.431503,1,1,0,0
-8.3468885,50.657074,0,1,46.114262,71.840324,60.70475,1,1,0,1
1.9844979,53.991882,1,0,42.580814,68.956635,45.826557,1,0,1,0
-2.173388,44.251495,0,1,42.580814,50.657074,68.956635,1,1,0,0
7.983768,58.414001,1,1,50.047691,48.913307,50.657074,0,1,0,0
-11.497009,48.730286,0,0,43.397606,53.991882,48.913307,1,0,1,0
16.828001,54.980488,1,0,49.840469,44.251495,53.991882,0,1,1,0
.090557337,56.852699,1,0,49.840469,58.414001,44.251495,1,0,0,0
12.244299,52.364826,1,0,50.158215,48.730286,58.414001,1,1,0,0
16.919291,,1,0,52.821148,54.980488,48.730286,1,1,1,0
4.7296524,,1,0,57.652889,56.852699,54.980488,1,1,1,0
26.849842,75.538696,1,0,,,,,,0,0
16.28195,45.133511,1,0,49.05862,63.424919,,1,,1,1
7.7115088,58.280354,1,0,65.907906,75.538696,58.140976,1,1,0,1
-54.605389,24.094639,0,0,42.64587,45.133511,75.538696,1,1,0,0
16.560709,45.933964,1,0,34.622292,22.697302,45.133511,0,1,1,0
-51.497864,28.485065,0,0,35.653133,58.280354,22.697302,1,0,1,1
-7.7518792,44.096546,0,1,35.653133,24.094639,58.280354,0,1,0,1
-42.683517,32.192551,0,0,26.4079,45.933964,24.094639,0,0,0,0
-9.9263849,38.406185,0,0,29.867777,28.485065,45.933964,0,0,1,0
-34.036121,10.338657,0,0,36.270966,44.096546,28.485065,0,0,1,0
-14.641616,19.721199,0,1,36.270966,32.192551,44.096546,0,0,0,0
-66.367134,10.513269,0,0,30.287111,38.406185,32.192551,0,0,0,0
-67.656876,47.767078,0,0,27.66634,19.721199,10.338657,0,0,1,0
-1.2910962,23.829744,0,0,27.66634,10.513269,19.721199,0,0,0,0
1.2441635,,1,0,35.516861,46.361019,10.513269,0,0,0,0
-52.340508,,0,0,37.889374,47.767078,46.361019,1,0,1,0
38.819824,83.395981,1,1,50.031132,,,,,1,1
-6.6844168,48.428726,0,0,50.031132,69.409912,,1,,0,1
68.40966,82.90831,1,0,78.761139,46.35178,69.409912,0,1,0,1
-3.1425476,53.727013,0,0,59.827785,83.395981,46.35178,1,0,1,0
65.81662,77.944557,1,0,37.516922,48.428726,83.395981,0,1,1,0
13.102302,80.084198,1,1,37.516922,82.90831,48.428726,1,0,0,0
59.518551,73.569183,1,1,50.591999,53.727013,82.90831,1,1,0,1
63.090302,76.554298,1,0,44.802116,77.944557,53.727013,1,1,1,0
47.138371,57.269115,1,0,43.815918,80.084198,77.944557,1,1,1,0
30.340811,79.18438,1,0,54.26944,76.554298,73.569183,1,1,0,0
47.595421,72.684685,1,0,48.092758,57.269115,76.554298,1,1,1,0
61.359779,75.510117,1,0,56.928802,71.781334,57.269115,1,1,1,0
48.177929,61.348957,1,0,56.928802,79.18438,71.781334,1,1,0,0
54.522358,74.807701,1,0,55.791672,72.684685,79.18438,1,1,0,0
24.56904,,1,0,54.009552,75.510117,72.684685,1,1,1,0
53.236115,,1,0,71.846115,61.348957,75.510117,1,1,1,0
